timestamp,open,high,low,close,volume,average,barCount
2025-06-27 09:30:00-04:00,612.88,613.33,612.7,613.08,1270739.0,613.099,7618
2025-06-27 09:35:00-04:00,613.09,613.65,613.0,613.6,924340.0,613.336,6359
2025-06-27 09:40:00-04:00,613.61,613.71,613.34,613.64,571042.0,613.578,3757
2025-06-27 09:45:00-04:00,613.63,613.86,613.62,613.81,578962.0,613.753,4099
2025-06-27 09:50:00-04:00,613.82,614.17,613.78,614.16,592878.0,613.965,3632
2025-06-27 09:55:00-04:00,614.16,614.66,614.16,614.36,936905.0,614.462,5460
2025-06-27 10:00:00-04:00,614.37,615.25,614.37,615.1,989124.0,614.943,5529
2025-06-27 10:05:00-04:00,615.11,615.39,614.9,615.05,920743.0,615.161,5566
2025-06-27 10:10:00-04:00,615.05,615.5,615.04,615.1,763153.0,615.271,4880
2025-06-27 10:15:00-04:00,615.08,615.26,614.79,615.01,652976.0,614.963,3751
2025-06-27 10:20:00-04:00,615.01,615.34,614.82,614.85,466687.0,615.092,3214
2025-06-27 10:25:00-04:00,614.83,614.95,614.55,614.9,556086.0,614.771,3488
2025-06-27 10:30:00-04:00,614.91,614.98,614.6,614.81,398809.0,614.79,2790
2025-06-27 10:35:00-04:00,614.81,615.55,614.65,615.23,867203.0,615.111,5627
2025-06-27 10:40:00-04:00,615.25,615.49,615.12,615.38,400173.0,615.302,2605
2025-06-27 10:45:00-04:00,615.38,615.48,615.27,615.39,295401.0,615.384,1947
2025-06-27 10:50:00-04:00,615.39,615.43,614.75,615.11,416294.0,615.093,2830
2025-06-27 10:55:00-04:00,615.11,615.12,614.6,614.81,434238.0,614.822,2666
2025-06-27 11:00:00-04:00,614.82,615.06,614.6,615.04,377465.0,614.854,2576
2025-06-27 11:05:00-04:00,615.04,615.3,614.99,615.16,310953.0,615.146,2037
2025-06-27 11:10:00-04:00,615.16,615.38,615.16,615.21,317185.0,615.264,2123
2025-06-27 11:15:00-04:00,615.21,615.24,614.84,615.05,259118.0,615.02,1740
2025-06-27 11:20:00-04:00,615.06,615.28,614.85,615.24,265049.0,615.105,1819
2025-06-27 11:25:00-04:00,615.24,615.39,615.17,615.34,398090.0,615.289,2455
2025-06-27 11:30:00-04:00,615.34,615.68,615.3,615.67,409311.0,615.491,2808
2025-06-27 11:35:00-04:00,615.68,615.93,615.63,615.9,490769.0,615.78,3094
2025-06-27 11:40:00-04:00,615.89,616.09,615.8,616.01,613481.0,615.985,3815
2025-06-27 11:45:00-04:00,616.01,616.09,615.83,616.07,383467.0,615.992,2314
2025-06-27 11:50:00-04:00,616.08,616.1,615.85,616.02,273652.0,615.953,1754
2025-06-27 11:55:00-04:00,616.02,616.07,615.86,615.9,277573.0,615.978,1816
2025-06-27 12:00:00-04:00,615.9,615.92,615.69,615.86,439984.0,615.805,2693
2025-06-27 12:05:00-04:00,615.87,616.08,615.86,616.04,278445.0,616.01,1786
2025-06-27 12:10:00-04:00,616.03,616.24,615.98,616.17,404975.0,616.111,2587
2025-06-27 12:15:00-04:00,616.19,616.2,615.85,615.93,350394.0,616.008,2333
2025-06-27 12:20:00-04:00,615.93,616.12,615.88,616.06,244697.0,616.023,1571
2025-06-27 12:25:00-04:00,616.05,616.35,616.0,616.32,335292.0,616.225,2196
2025-06-27 12:30:00-04:00,616.32,616.39,616.21,616.31,249374.0,616.327,1594
2025-06-27 12:35:00-04:00,616.33,616.33,616.1,616.2,329230.0,616.203,2122
2025-06-27 12:40:00-04:00,616.2,616.29,615.89,615.98,428011.0,616.085,2506
2025-06-27 12:45:00-04:00,615.97,616.06,615.67,615.75,468747.0,615.872,2486
2025-06-27 12:50:00-04:00,615.75,615.94,615.64,615.82,379151.0,615.834,2616
2025-06-27 12:55:00-04:00,615.82,616.05,615.76,615.97,258614.0,615.919,1841
2025-06-27 13:00:00-04:00,615.96,615.96,615.54,615.71,308199.0,615.737,1863
2025-06-27 13:05:00-04:00,615.7,615.81,615.65,615.77,199350.0,615.737,1215
2025-06-27 13:10:00-04:00,615.78,615.96,615.77,615.9,238609.0,615.862,1413
2025-06-27 13:15:00-04:00,615.9,615.91,615.54,615.7,160514.0,615.703,1075
2025-06-27 13:20:00-04:00,615.7,615.7,615.26,615.48,330440.0,615.487,2105
2025-06-27 13:25:00-04:00,615.47,615.53,615.29,615.39,246913.0,615.409,1487
2025-06-27 13:30:00-04:00,615.4,615.58,615.21,615.22,344151.0,615.384,2224
2025-06-27 13:35:00-04:00,615.21,615.41,615.04,615.39,332969.0,615.229,2015
2025-06-27 13:40:00-04:00,615.39,615.55,614.29,614.81,962539.0,614.925,6460
2025-06-27 13:45:00-04:00,614.81,614.81,613.59,613.93,1679125.0,614.127,9952
2025-06-27 13:50:00-04:00,613.91,614.28,613.58,613.92,811990.0,613.955,4843
2025-06-27 13:55:00-04:00,613.9,614.3,613.27,614.15,1013532.0,613.774,5737
2025-06-27 14:00:00-04:00,614.16,614.3,613.8,614.02,656535.0,614.051,3696
2025-06-27 14:05:00-04:00,614.02,614.38,613.97,614.04,432876.0,614.149,2587
2025-06-27 14:10:00-04:00,614.04,614.16,613.42,613.59,539643.0,613.737,3066
2025-06-27 14:15:00-04:00,613.58,613.71,612.75,613.07,800601.0,613.349,4727
2025-06-27 14:20:00-04:00,613.07,613.23,612.73,613.05,894657.0,612.983,5331
2025-06-27 14:25:00-04:00,613.06,613.24,612.33,612.33,740529.0,612.824,4262
2025-06-27 14:30:00-04:00,612.34,612.57,611.82,612.48,1425198.0,612.218,8530
2025-06-27 14:35:00-04:00,612.48,612.6,611.54,611.59,1032786.0,612.05,6307
2025-06-27 14:40:00-04:00,611.59,611.75,611.02,611.74,1425112.0,611.343,9351
2025-06-27 14:45:00-04:00,611.73,612.24,611.57,611.65,1139341.0,611.953,6997
2025-06-27 14:50:00-04:00,611.66,611.67,610.83,611.19,1260294.0,611.251,6590
2025-06-27 14:55:00-04:00,611.17,611.33,610.9,611.19,1196886.0,611.106,6467
2025-06-27 15:00:00-04:00,611.19,611.78,611.01,611.72,985238.0,611.426,6103
2025-06-27 15:05:00-04:00,611.72,612.01,611.49,611.78,813632.0,611.815,4814
2025-06-27 15:10:00-04:00,611.78,612.33,611.76,612.32,916010.0,612.159,5350
2025-06-27 15:15:00-04:00,612.33,612.44,611.97,612.11,839828.0,612.203,4808
2025-06-27 15:20:00-04:00,612.11,612.52,612.11,612.51,974294.0,612.291,5196
2025-06-27 15:25:00-04:00,612.5,612.71,612.28,612.38,907056.0,612.502,4753
2025-06-27 15:30:00-04:00,612.38,612.77,612.38,612.72,1065956.0,612.606,5212
2025-06-27 15:35:00-04:00,612.71,612.94,612.51,612.88,1036113.0,612.765,5167
2025-06-27 15:40:00-04:00,612.89,613.25,612.89,613.16,690894.0,613.106,4237
2025-06-27 15:45:00-04:00,613.17,613.62,613.06,613.14,1121166.0,613.337,6724
2025-06-27 15:50:00-04:00,613.12,614.4,612.99,614.21,3310598.0,613.844,17534
2025-06-27 15:55:00-04:00,614.22,615.14,614.19,614.85,5577973.0,614.874,27818
2025-06-30 09:30:00-04:00,617.39,617.49,616.45,616.66,1794928.0,616.953,10812
2025-06-30 09:35:00-04:00,616.66,616.91,616.19,616.75,1060653.0,616.592,7026
2025-06-30 09:40:00-04:00,616.75,616.78,616.24,616.39,662559.0,616.595,4416
2025-06-30 09:45:00-04:00,616.41,616.72,615.96,616.17,684726.0,616.405,5182
2025-06-30 09:50:00-04:00,616.18,616.65,616.11,616.35,801901.0,616.4,5897
2025-06-30 09:55:00-04:00,616.35,616.69,616.29,616.43,624209.0,616.487,4576
2025-06-30 10:00:00-04:00,616.44,616.65,616.3,616.48,692331.0,616.467,4886
2025-06-30 10:05:00-04:00,616.49,616.59,616.11,616.39,794088.0,616.378,5154
2025-06-30 10:10:00-04:00,616.38,616.78,616.34,616.62,602800.0,616.609,3832
2025-06-30 10:15:00-04:00,616.63,616.82,616.33,616.63,481935.0,616.581,3285
2025-06-30 10:20:00-04:00,616.63,616.64,615.93,616.35,708457.0,616.191,4142
2025-06-30 10:25:00-04:00,616.33,616.73,616.15,616.7,509282.0,616.379,3098
2025-06-30 10:30:00-04:00,616.7,616.78,616.3,616.35,302528.0,616.511,2156
2025-06-30 10:35:00-04:00,616.36,616.37,615.79,615.91,588433.0,616.047,3485
2025-06-30 10:40:00-04:00,615.89,616.25,615.68,615.91,459102.0,615.988,3164
2025-06-30 10:45:00-04:00,615.9,616.21,615.72,616.14,480158.0,616.043,2994
2025-06-30 10:50:00-04:00,616.15,616.16,615.84,615.96,345959.0,615.983,2628
2025-06-30 10:55:00-04:00,615.98,616.15,615.92,616.01,309452.0,616.013,2098
2025-06-30 11:00:00-04:00,616.01,616.3,615.81,616.26,794848.0,616.059,5234
2025-06-30 11:05:00-04:00,616.26,616.59,616.25,616.56,506456.0,616.409,3730
2025-06-30 11:10:00-04:00,616.56,616.58,615.82,615.97,539806.0,616.093,3370
2025-06-30 11:15:00-04:00,615.97,616.01,615.71,615.87,476569.0,615.878,3147
2025-06-30 11:20:00-04:00,615.87,616.12,615.79,616.1,260994.0,616.015,1836
2025-06-30 11:25:00-04:00,616.1,616.34,616.02,616.21,490869.0,616.18,3397
2025-06-30 11:30:00-04:00,616.21,616.7,616.1,616.63,369518.0,616.375,2768
2025-06-30 11:35:00-04:00,616.63,616.73,616.51,616.69,364155.0,616.646,2464
2025-06-30 11:40:00-04:00,616.69,616.84,616.47,616.75,304215.0,616.647,2168
2025-06-30 11:45:00-04:00,616.76,616.92,616.63,616.83,317863.0,616.768,2378
2025-06-30 11:50:00-04:00,616.83,616.93,616.67,616.7,410055.0,616.808,3010
2025-06-30 11:55:00-04:00,616.7,616.73,616.39,616.47,400057.0,616.532,2283
2025-06-30 12:00:00-04:00,616.47,616.82,616.46,616.82,292512.0,616.637,2084
2025-06-30 12:05:00-04:00,616.83,616.9,616.7,616.89,251640.0,616.826,1743
2025-06-30 12:10:00-04:00,616.89,616.9,616.63,616.67,239231.0,616.735,1646
2025-06-30 12:15:00-04:00,616.67,616.86,616.11,616.29,309263.0,616.499,1920
2025-06-30 12:20:00-04:00,616.29,616.37,616.17,616.23,220384.0,616.266,1573
2025-06-30 12:25:00-04:00,616.23,616.41,616.19,616.26,262120.0,616.313,1876
2025-06-30 12:30:00-04:00,616.24,616.65,616.19,616.64,361389.0,616.436,2605
2025-06-30 12:35:00-04:00,616.63,616.81,616.57,616.72,358719.0,616.702,2484
2025-06-30 12:40:00-04:00,616.72,617.11,616.72,616.93,435599.0,616.931,3047
2025-06-30 12:45:00-04:00,616.93,617.13,616.92,617.0,293839.0,617.021,2027
2025-06-30 12:50:00-04:00,617.0,617.1,616.87,616.98,277371.0,616.988,1991
2025-06-30 12:55:00-04:00,616.98,617.06,616.57,616.64,302211.0,616.825,2177
2025-06-30 13:00:00-04:00,616.64,616.82,616.52,616.57,267209.0,616.65,1867
2025-06-30 13:05:00-04:00,616.57,616.62,616.35,616.58,322013.0,616.478,2137
2025-06-30 13:10:00-04:00,616.59,616.73,616.47,616.49,285614.0,616.617,1755
2025-06-30 13:15:00-04:00,616.48,616.57,616.32,616.43,324772.0,616.434,2237
2025-06-30 13:20:00-04:00,616.44,616.5,616.23,616.38,191557.0,616.371,1408
2025-06-30 13:25:00-04:00,616.37,616.57,616.22,616.51,296973.0,616.383,1896
2025-06-30 13:30:00-04:00,616.51,616.57,616.07,616.14,347228.0,616.251,2318
2025-06-30 13:35:00-04:00,616.13,616.28,615.96,616.13,342699.0,616.139,2262
2025-06-30 13:40:00-04:00,616.13,616.29,615.94,616.01,403635.0,616.093,2645
2025-06-30 13:45:00-04:00,616.02,616.21,615.97,616.11,322635.0,616.097,2162
2025-06-30 13:50:00-04:00,616.1,616.28,616.0,616.1,413499.0,616.118,2714
2025-06-30 13:55:00-04:00,616.09,616.64,615.04,615.84,1418016.0,615.78,9710
2025-06-30 14:00:00-04:00,615.85,616.28,615.8,616.11,707152.0,616.14,3989
2025-06-30 14:05:00-04:00,616.12,616.44,615.85,615.95,874448.0,616.188,4493
2025-06-30 14:10:00-04:00,615.95,616.0,615.63,615.97,812855.0,615.808,4514
2025-06-30 14:15:00-04:00,615.96,616.26,615.92,616.1,359891.0,616.121,2085
2025-06-30 14:20:00-04:00,616.11,616.42,616.1,616.26,368190.0,616.301,2157
2025-06-30 14:25:00-04:00,616.28,616.31,616.03,616.05,249172.0,616.187,1651
2025-06-30 14:30:00-04:00,616.04,616.11,615.57,615.72,551959.0,615.809,3703
2025-06-30 14:35:00-04:00,615.73,615.83,615.6,615.71,331730.0,615.704,2336
2025-06-30 14:40:00-04:00,615.7,615.83,615.32,615.71,665212.0,615.534,4363
2025-06-30 14:45:00-04:00,615.71,616.15,615.7,615.93,773048.0,615.997,5053
2025-06-30 14:50:00-04:00,615.92,616.29,615.91,616.27,568396.0,616.165,3464
2025-06-30 14:55:00-04:00,616.27,616.94,616.26,616.93,1113993.0,616.653,7278
2025-06-30 15:00:00-04:00,616.94,617.24,616.91,617.22,827600.0,617.07,5081
2025-06-30 15:05:00-04:00,617.21,617.37,616.98,617.18,1030334.0,617.185,6118
2025-06-30 15:10:00-04:00,617.18,617.45,617.06,617.29,943420.0,617.29,5922
2025-06-30 15:15:00-04:00,617.3,617.3,616.97,617.18,1246459.0,617.141,7352
2025-06-30 15:20:00-04:00,617.17,617.82,617.14,617.74,1382888.0,617.583,8685
2025-06-30 15:25:00-04:00,617.74,618.25,617.73,617.9,1338038.0,618.026,8290
2025-06-30 15:30:00-04:00,617.9,618.04,617.6,617.98,1602482.0,617.822,9279
2025-06-30 15:35:00-04:00,617.97,618.1,617.4,617.55,1497831.0,617.685,9846
2025-06-30 15:40:00-04:00,617.56,618.13,617.54,617.82,1492654.0,617.923,10409
2025-06-30 15:45:00-04:00,617.82,618.53,617.71,618.27,1990931.0,618.192,13297
2025-06-30 15:50:00-04:00,618.3,619.22,618.03,619.05,3713323.0,618.844,22403
2025-06-30 15:55:00-04:00,619.06,619.13,617.82,617.84,6210162.0,618.453,29893
2025-07-01 09:30:00-04:00,616.36,616.9,616.25,616.59,1231333.0,616.603,7284
2025-07-01 09:35:00-04:00,616.6,616.88,616.44,616.78,674421.0,616.674,4830
2025-07-01 09:40:00-04:00,616.77,616.91,616.38,616.62,562722.0,616.677,3947
2025-07-01 09:45:00-04:00,616.64,617.35,616.6,617.29,868113.0,616.978,5487
2025-07-01 09:50:00-04:00,617.29,617.74,617.23,617.59,815564.0,617.541,5418
2025-07-01 09:55:00-04:00,617.58,617.6,617.12,617.27,478145.0,617.339,3309
2025-07-01 10:00:00-04:00,617.23,617.59,616.87,617.22,642738.0,617.288,3908
2025-07-01 10:05:00-04:00,617.21,617.53,617.07,617.12,555112.0,617.314,3079
2025-07-01 10:10:00-04:00,617.13,617.8,616.85,617.69,689858.0,617.336,3762
2025-07-01 10:15:00-04:00,617.68,618.07,617.61,617.83,688114.0,617.89,4081
2025-07-01 10:20:00-04:00,617.83,617.85,617.02,617.23,785376.0,617.372,4847
2025-07-01 10:25:00-04:00,617.24,617.38,616.75,617.12,697518.0,617.06,4212
2025-07-01 10:30:00-04:00,617.1,617.61,616.9,616.95,914073.0,617.244,5695
2025-07-01 10:35:00-04:00,616.94,617.23,616.66,616.75,601822.0,616.884,3949
2025-07-01 10:40:00-04:00,616.74,616.85,616.51,616.64,644524.0,616.659,4036
2025-07-01 10:45:00-04:00,616.64,616.71,616.13,616.46,741231.0,616.449,4787
2025-07-01 10:50:00-04:00,616.45,616.61,616.29,616.59,537728.0,616.467,3529
2025-07-01 10:55:00-04:00,616.61,616.74,616.28,616.5,572913.0,616.55,4004
2025-07-01 11:00:00-04:00,616.51,617.15,616.29,617.13,685435.0,616.732,4412
2025-07-01 11:05:00-04:00,617.13,617.25,615.85,616.18,983284.0,616.446,6351
2025-07-01 11:10:00-04:00,616.19,616.26,615.52,615.73,948412.0,615.821,6250
2025-07-01 11:15:00-04:00,615.73,616.37,615.57,616.31,683651.0,615.943,4464
2025-07-01 11:20:00-04:00,616.32,616.93,616.24,616.87,652397.0,616.576,4246
2025-07-01 11:25:00-04:00,616.87,617.5,616.85,617.28,842162.0,617.233,4976
2025-07-01 11:30:00-04:00,617.27,617.49,617.07,617.3,520399.0,617.279,3253
2025-07-01 11:35:00-04:00,617.31,617.41,616.64,616.72,486261.0,616.984,2946
2025-07-01 11:40:00-04:00,616.7,616.75,616.08,616.31,552406.0,616.37,3547
2025-07-01 11:45:00-04:00,616.3,616.66,616.21,616.4,422015.0,616.485,2773
2025-07-01 11:50:00-04:00,616.4,617.01,616.31,616.88,309596.0,616.775,2080
2025-07-01 11:55:00-04:00,616.89,616.99,616.76,616.94,313735.0,616.889,2051
2025-07-01 12:00:00-04:00,616.96,617.2,616.74,616.8,464859.0,616.968,2729
2025-07-01 12:05:00-04:00,616.79,617.28,616.71,617.23,411487.0,616.949,2521
2025-07-01 12:10:00-04:00,617.23,618.09,617.13,617.98,936839.0,617.672,5348
2025-07-01 12:15:00-04:00,617.98,618.1,617.51,617.69,676104.0,617.801,3671
2025-07-01 12:20:00-04:00,617.69,617.75,617.21,617.54,431731.0,617.421,2761
2025-07-01 12:25:00-04:00,617.55,617.6,617.24,617.32,308470.0,617.393,2193
2025-07-01 12:30:00-04:00,617.32,617.63,617.1,617.61,319918.0,617.416,2155
2025-07-01 12:35:00-04:00,617.6,617.79,617.47,617.6,280773.0,617.637,1784
2025-07-01 12:40:00-04:00,617.59,617.64,617.33,617.5,313464.0,617.497,2139
2025-07-01 12:45:00-04:00,617.5,617.72,617.05,617.62,433694.0,617.402,2971
2025-07-01 12:50:00-04:00,617.62,618.14,617.51,617.94,474100.0,617.853,2817
2025-07-01 12:55:00-04:00,617.94,618.0,617.08,617.09,448718.0,617.432,2764
2025-07-01 13:00:00-04:00,617.09,617.31,617.0,617.25,457262.0,617.198,3165
2025-07-01 13:05:00-04:00,617.25,617.75,617.18,617.66,372008.0,617.559,2361
2025-07-01 13:10:00-04:00,617.66,618.04,617.57,617.84,402463.0,617.827,2489
2025-07-01 13:15:00-04:00,617.84,618.05,617.67,617.96,375245.0,617.911,2521
2025-07-01 13:20:00-04:00,617.94,618.21,617.7,618.07,414933.0,617.955,2430
2025-07-01 13:25:00-04:00,618.08,618.26,617.86,618.08,335673.0,618.084,2050
2025-07-01 13:30:00-04:00,618.08,618.2,617.76,617.87,243604.0,617.992,1618
2025-07-01 13:35:00-04:00,617.88,618.08,617.85,618.05,228310.0,617.974,1505
2025-07-01 13:40:00-04:00,618.08,618.28,617.97,618.27,256011.0,618.161,1730
2025-07-01 13:45:00-04:00,618.27,618.34,618.09,618.21,316502.0,618.205,2037
2025-07-01 13:50:00-04:00,618.21,618.83,618.15,618.58,733777.0,618.544,4010
2025-07-01 13:55:00-04:00,618.57,618.63,618.41,618.57,361093.0,618.516,2170
2025-07-01 14:00:00-04:00,618.57,618.7,618.25,618.25,444255.0,618.469,2555
2025-07-01 14:05:00-04:00,618.26,618.59,618.19,618.45,600207.0,618.363,3863
2025-07-01 14:10:00-04:00,618.45,618.47,618.26,618.33,414494.0,618.358,2786
2025-07-01 14:15:00-04:00,618.32,618.47,617.91,618.15,617650.0,618.161,3764
2025-07-01 14:20:00-04:00,618.14,618.22,617.98,618.14,346030.0,618.105,2172
2025-07-01 14:25:00-04:00,618.14,618.22,617.96,618.01,337299.0,618.086,2135
2025-07-01 14:30:00-04:00,618.01,618.49,617.94,618.41,463522.0,618.28,2857
2025-07-01 14:35:00-04:00,618.41,618.51,618.08,618.23,329467.0,618.276,1940
2025-07-01 14:40:00-04:00,618.23,618.45,618.17,618.32,316358.0,618.316,2097
2025-07-01 14:45:00-04:00,618.32,618.48,618.24,618.33,308761.0,618.364,2026
2025-07-01 14:50:00-04:00,618.33,618.45,618.23,618.39,284973.0,618.347,1865
2025-07-01 14:55:00-04:00,618.39,618.45,617.91,617.96,406548.0,618.187,2677
2025-07-01 15:00:00-04:00,617.95,617.96,616.7,617.51,2049356.0,617.234,12363
2025-07-01 15:05:00-04:00,617.52,617.6,617.04,617.3,681042.0,617.357,4327
2025-07-01 15:10:00-04:00,617.31,617.6,617.04,617.49,761203.0,617.376,4791
2025-07-01 15:15:00-04:00,617.49,618.02,617.49,617.95,696438.0,617.741,3978
2025-07-01 15:20:00-04:00,617.95,618.29,617.85,618.26,713799.0,618.049,3812
2025-07-01 15:25:00-04:00,618.25,618.37,618.07,618.37,562577.0,618.243,3322
2025-07-01 15:30:00-04:00,618.37,618.42,617.82,617.92,564098.0,618.105,3296
2025-07-01 15:35:00-04:00,617.91,617.97,617.58,617.69,651566.0,617.783,3958
2025-07-01 15:40:00-04:00,617.68,618.12,617.65,618.1,779493.0,617.912,4389
2025-07-01 15:45:00-04:00,618.11,618.72,618.09,618.48,1069274.0,618.419,6123
2025-07-01 15:50:00-04:00,618.48,618.67,617.78,617.95,1942263.0,618.138,10015
2025-07-01 15:55:00-04:00,617.94,618.04,617.43,617.56,3394591.0,617.654,16160
2025-07-02 09:30:00-04:00,617.24,617.49,616.66,616.73,1145723.0,617.12,6911
2025-07-02 09:35:00-04:00,616.71,617.29,616.61,617.25,724518.0,616.944,4489
2025-07-02 09:40:00-04:00,617.25,617.37,616.92,617.13,626374.0,617.156,4161
2025-07-02 09:45:00-04:00,617.13,617.64,617.13,617.39,780526.0,617.488,5271
2025-07-02 09:50:00-04:00,617.39,617.58,617.25,617.48,490059.0,617.442,3465
2025-07-02 09:55:00-04:00,617.49,617.49,617.09,617.31,495420.0,617.281,3455
2025-07-02 10:00:00-04:00,617.31,617.73,617.28,617.68,803239.0,617.582,4827
2025-07-02 10:05:00-04:00,617.68,617.98,617.67,617.83,708687.0,617.808,4118
2025-07-02 10:10:00-04:00,617.82,618.0,617.79,617.92,555270.0,617.921,3603
2025-07-02 10:15:00-04:00,617.92,618.08,617.89,617.99,521355.0,617.987,3311
2025-07-02 10:20:00-04:00,617.98,618.2,617.87,618.18,515324.0,618.013,2878
2025-07-02 10:25:00-04:00,618.19,618.72,618.13,618.6,1088943.0,618.459,7059
2025-07-02 10:30:00-04:00,618.6,618.86,618.58,618.8,641746.0,618.713,4301
2025-07-02 10:35:00-04:00,618.8,618.96,618.7,618.86,468491.0,618.844,3057
2025-07-02 10:40:00-04:00,618.86,619.13,618.24,618.35,926396.0,618.789,6363
2025-07-02 10:45:00-04:00,618.34,618.95,618.2,618.85,973372.0,618.586,6050
2025-07-02 10:50:00-04:00,618.86,619.17,618.79,618.85,645830.0,619.026,3716
2025-07-02 10:55:00-04:00,618.85,618.85,618.54,618.74,612681.0,618.715,3821
2025-07-02 11:00:00-04:00,618.77,619.07,618.77,618.94,552682.0,618.933,3318
2025-07-02 11:05:00-04:00,618.95,619.12,618.77,618.83,581438.0,618.943,3431
2025-07-02 11:10:00-04:00,618.83,618.84,618.55,618.68,441622.0,618.681,3038
2025-07-02 11:15:00-04:00,618.66,618.86,618.66,618.73,363423.0,618.791,2221
2025-07-02 11:20:00-04:00,618.74,619.06,618.67,618.94,314290.0,618.923,2152
2025-07-02 11:25:00-04:00,618.94,619.09,618.7,618.79,339063.0,618.947,2155
2025-07-02 11:30:00-04:00,618.79,619.11,618.74,618.99,266361.0,618.961,1851
2025-07-02 11:35:00-04:00,618.99,619.36,618.97,619.1,516486.0,619.194,3277
2025-07-02 11:40:00-04:00,619.08,619.23,619.01,619.14,476219.0,619.127,2946
2025-07-02 11:45:00-04:00,619.13,619.46,619.05,619.28,532999.0,619.292,3294
2025-07-02 11:50:00-04:00,619.29,619.38,619.14,619.17,352263.0,619.254,2357
2025-07-02 11:55:00-04:00,619.16,619.35,619.04,619.27,382983.0,619.203,2627
2025-07-02 12:00:00-04:00,619.27,619.31,618.86,618.91,410144.0,619.048,2531
2025-07-02 12:05:00-04:00,618.92,619.29,618.86,619.13,352320.0,619.1,2496
2025-07-02 12:10:00-04:00,619.12,619.18,618.94,619.04,279797.0,619.072,1804
2025-07-02 12:15:00-04:00,619.04,619.33,618.98,619.17,295414.0,619.198,1962
2025-07-02 12:20:00-04:00,619.17,619.28,619.07,619.23,201429.0,619.183,1390
2025-07-02 12:25:00-04:00,619.23,619.33,618.87,619.16,436744.0,619.127,2990
2025-07-02 12:30:00-04:00,619.16,619.23,619.0,619.21,291607.0,619.104,1985
2025-07-02 12:35:00-04:00,619.2,619.52,619.2,619.51,416474.0,619.358,2479
2025-07-02 12:40:00-04:00,619.51,619.61,619.36,619.47,413184.0,619.496,2708
2025-07-02 12:45:00-04:00,619.47,619.55,619.35,619.54,299904.0,619.463,1919
2025-07-02 12:50:00-04:00,619.54,619.6,619.36,619.42,327405.0,619.455,1980
2025-07-02 12:55:00-04:00,619.43,619.59,619.39,619.59,300650.0,619.521,1819
2025-07-02 13:00:00-04:00,619.58,619.63,619.43,619.49,296948.0,619.531,2050
2025-07-02 13:05:00-04:00,619.5,619.53,619.29,619.32,217092.0,619.408,1588
2025-07-02 13:10:00-04:00,619.31,619.54,619.28,619.41,344113.0,619.405,2228
2025-07-02 13:15:00-04:00,619.39,619.41,619.24,619.3,277211.0,619.312,1839
2025-07-02 13:20:00-04:00,619.3,619.64,619.12,619.6,411669.0,619.346,2905
2025-07-02 13:25:00-04:00,619.61,619.68,619.42,619.48,301917.0,619.534,2009
2025-07-02 13:30:00-04:00,619.47,619.65,619.35,619.59,392013.0,619.505,2845
2025-07-02 13:35:00-04:00,619.58,619.58,619.32,619.45,247459.0,619.444,1721
2025-07-02 13:40:00-04:00,619.45,619.49,619.29,619.35,199968.0,619.373,1348
2025-07-02 13:45:00-04:00,619.36,619.48,619.28,619.46,233416.0,619.364,1505
2025-07-02 13:50:00-04:00,619.47,619.72,619.44,619.61,316092.0,619.568,2202
2025-07-02 13:55:00-04:00,619.62,619.62,619.41,619.42,316759.0,619.516,2158
2025-07-02 14:00:00-04:00,619.42,619.48,619.23,619.44,629118.0,619.346,4135
2025-07-02 14:05:00-04:00,619.45,619.6,619.36,619.57,327016.0,619.487,2199
2025-07-02 14:10:00-04:00,619.57,619.64,619.45,619.51,332619.0,619.565,2234
2025-07-02 14:15:00-04:00,619.52,619.68,619.34,619.62,331225.0,619.511,2256
2025-07-02 14:20:00-04:00,619.61,619.65,619.48,619.56,267415.0,619.556,1722
2025-07-02 14:25:00-04:00,619.55,619.7,619.52,619.59,357480.0,619.618,2228
2025-07-02 14:30:00-04:00,619.58,619.83,619.57,619.77,466551.0,619.737,2948
2025-07-02 14:35:00-04:00,619.76,619.84,619.7,619.77,358730.0,619.781,2431
2025-07-02 14:40:00-04:00,619.77,619.94,619.76,619.9,406205.0,619.862,2683
2025-07-02 14:45:00-04:00,619.91,619.94,619.73,619.8,348859.0,619.846,2442
2025-07-02 14:50:00-04:00,619.81,619.86,619.67,619.82,445282.0,619.778,2639
2025-07-02 14:55:00-04:00,619.81,619.89,619.75,619.86,399286.0,619.817,2619
2025-07-02 15:00:00-04:00,619.86,620.17,619.82,620.08,761378.0,620.032,4704
2025-07-02 15:05:00-04:00,620.07,620.1,619.96,620.07,304153.0,620.044,1975
2025-07-02 15:10:00-04:00,620.06,620.11,619.93,620.04,475632.0,620.028,2839
2025-07-02 15:15:00-04:00,620.04,620.07,619.87,619.89,411511.0,619.974,2520
2025-07-02 15:20:00-04:00,619.89,620.05,619.85,619.93,390558.0,619.956,2445
2025-07-02 15:25:00-04:00,619.93,619.97,619.72,619.76,630017.0,619.83,3825
2025-07-02 15:30:00-04:00,619.75,619.96,619.71,619.9,627328.0,619.82,4178
2025-07-02 15:35:00-04:00,619.9,619.99,619.7,619.74,770101.0,619.833,4555
2025-07-02 15:40:00-04:00,619.74,619.88,619.61,619.85,659543.0,619.75,4139
2025-07-02 15:45:00-04:00,619.85,619.9,619.71,619.82,707294.0,619.806,4682
2025-07-02 15:50:00-04:00,619.82,620.38,619.72,620.18,1489774.0,620.026,7530
2025-07-02 15:55:00-04:00,620.18,620.49,620.14,620.37,3374261.0,620.339,17234
2025-07-03 09:30:00-04:00,622.45,623.48,622.43,623.34,1598901.0,623.019,8914
2025-07-03 09:35:00-04:00,623.35,623.64,623.34,623.44,1077895.0,623.501,6577
2025-07-03 09:40:00-04:00,623.45,623.51,623.11,623.46,891434.0,623.305,5479
2025-07-03 09:45:00-04:00,623.47,623.86,623.47,623.83,895634.0,623.647,5264
2025-07-03 09:50:00-04:00,623.83,624.5,623.66,624.39,1064379.0,624.105,6419
2025-07-03 09:55:00-04:00,624.38,624.55,624.05,624.07,903054.0,624.291,5068
2025-07-03 10:00:00-04:00,624.06,624.89,624.04,624.83,1033829.0,624.646,6034
2025-07-03 10:05:00-04:00,624.84,624.93,624.74,624.82,688719.0,624.852,3899
2025-07-03 10:10:00-04:00,624.82,624.97,624.74,624.78,730240.0,624.867,3982
2025-07-03 10:15:00-04:00,624.77,624.96,624.55,624.95,816365.0,624.749,4616
2025-07-03 10:20:00-04:00,624.96,625.11,624.89,625.0,511677.0,624.982,3099
2025-07-03 10:25:00-04:00,625.0,625.06,624.89,625.0,372254.0,624.978,2355
2025-07-03 10:30:00-04:00,625.0,625.07,624.79,624.88,539201.0,624.948,3164
2025-07-03 10:35:00-04:00,624.91,625.29,624.86,625.22,592169.0,625.121,3365
2025-07-03 10:40:00-04:00,625.22,625.45,625.2,625.38,571624.0,625.318,3058
2025-07-03 10:45:00-04:00,625.37,625.47,625.24,625.27,402840.0,625.373,2370
2025-07-03 10:50:00-04:00,625.27,625.34,625.18,625.3,466017.0,625.248,2635
2025-07-03 10:55:00-04:00,625.31,625.43,625.25,625.3,342440.0,625.357,2151
2025-07-03 11:00:00-04:00,625.31,625.58,625.26,625.46,478604.0,625.434,3002
2025-07-03 11:05:00-04:00,625.45,625.79,625.41,625.62,589584.0,625.626,3712
2025-07-03 11:10:00-04:00,625.63,625.74,625.55,625.74,290140.0,625.654,1941
2025-07-03 11:15:00-04:00,625.75,625.75,625.34,625.45,474936.0,625.562,3046
2025-07-03 11:20:00-04:00,625.45,625.59,625.28,625.31,486580.0,625.411,3259
2025-07-03 11:25:00-04:00,625.31,625.52,625.17,625.42,647329.0,625.331,4059
2025-07-03 11:30:00-04:00,625.42,625.75,625.36,625.64,743168.0,625.578,4192
2025-07-03 11:35:00-04:00,625.64,625.84,625.6,625.75,501940.0,625.737,3101
2025-07-03 11:40:00-04:00,625.75,626.05,625.74,626.04,590291.0,625.935,3439
2025-07-03 11:45:00-04:00,626.05,626.08,625.91,626.02,432284.0,626.012,2664
2025-07-03 11:50:00-04:00,626.02,626.06,625.91,625.99,454287.0,625.98,2542
2025-07-03 11:55:00-04:00,625.99,626.03,625.74,625.9,425412.0,625.869,2659
2025-07-03 12:00:00-04:00,625.9,626.03,625.86,625.91,468865.0,625.948,2721
2025-07-03 12:05:00-04:00,625.91,626.05,625.83,625.95,549959.0,625.958,2607
2025-07-03 12:10:00-04:00,625.94,626.03,625.87,625.9,422219.0,625.948,2524
2025-07-03 12:15:00-04:00,625.88,625.88,625.63,625.75,589351.0,625.739,3325
2025-07-03 12:20:00-04:00,625.74,625.85,625.55,625.73,606506.0,625.731,3871
2025-07-03 12:25:00-04:00,625.73,625.89,625.66,625.74,773142.0,625.799,4568
2025-07-03 12:30:00-04:00,625.73,625.92,625.62,625.92,958721.0,625.773,5375
2025-07-03 12:35:00-04:00,625.92,625.98,625.85,625.96,707966.0,625.91,4464
2025-07-03 12:40:00-04:00,625.96,626.28,625.94,626.09,1025350.0,626.132,6759
2025-07-03 12:45:00-04:00,626.1,626.11,625.66,625.68,1237194.0,625.847,6985
2025-07-03 12:50:00-04:00,625.67,625.89,624.87,625.38,1864506.0,625.411,10799
2025-07-03 12:55:00-04:00,625.38,625.75,625.23,625.34,2234790.0,625.512,12810
