timestamp,price,volume,rsi,adx,atr,range_low,range_high,sma_5,avg_volume,volume_spike_threshold,is_trending,is_choppy,bull_breakout,bear_breakdown,rsi_bullish,rsi_bearish,volume_spike,macro_bullish,macro_bearish,long_signal,short_signal,exit_long,exit_short,currently_long,currently_short,entry_price,stop_loss,take_profit,position,final_signal,signal_reason
2025-07-07 13:35:00-04:00,54.25,105059,72.49999999999993,62.75303643724688,0.3371428571428571,52.51,54.11,53.894000000000005,63490.3,95235.45000000001,True,False,True,False,True,False,True,True,False,True,False,False,False,False,False,,,,0,BUY,Breakout > $54.11 | ADX=62.8 | RSI=72.5 | Vol spike 1.5x | SPY bullish | SL=$53.91 | TP=$54.92
2025-07-07 13:40:00-04:00,54.29,137803,68.18181818181817,62.49289891395144,0.327142857142857,52.51,54.33,53.988,66953.0,100429.5,True,False,False,False,True,False,True,True,False,False,False,False,False,True,False,54.25,53.91285714285714,54.924285714285716,1,HOLD,
2025-07-07 13:45:00-04:00,54.31,57440,66.07929515418505,61.86975215017672,0.317142857142857,52.51,54.48,54.098,63810.9,95716.35,True,False,False,False,True,False,False,True,False,False,False,False,False,True,False,54.25,53.91285714285714,54.924285714285716,1,HOLD,
2025-07-07 13:50:00-04:00,54.75,212664,83.98268398268385,62.965854844693915,0.332142857142857,52.51,54.48,54.324,71929.25,107893.875,True,False,True,False,True,False,True,True,False,True,False,False,False,True,False,54.25,53.91285714285714,54.924285714285716,1,HOLD,
2025-07-07 13:55:00-04:00,54.75,130583,84.71615720524015,64.39534545609114,0.3407142857142859,52.51,54.94,54.470000000000006,76465.2,114697.79999999999,True,False,False,False,True,False,True,True,False,False,False,False,False,True,False,54.25,53.91285714285714,54.924285714285716,1,HOLD,
2025-07-07 14:00:00-04:00,54.72,196749,86.99551569506706,65.95927239355926,0.37,52.51,54.99,54.564,79006.8,118510.20000000001,True,False,False,False,True,False,True,True,False,False,False,False,False,True,False,54.25,53.91285714285714,54.924285714285716,1,HOLD,
2025-07-07 14:05:00-04:00,54.84,104475,87.11111111111092,66.76610307693245,0.38142857142857217,52.56,55.15,54.674,81288.3,121932.45000000001,True,False,False,False,True,False,False,True,False,False,False,False,False,True,False,54.25,53.91285714285714,54.924285714285716,1,HOLD,
2025-07-07 14:10:00-04:00,54.81,58960,88.28828828828813,67.59411063966752,0.3871428571428578,52.92,55.15,54.774,81808.55,122712.82500000001,True,False,False,False,True,False,False,True,False,False,False,False,False,True,False,54.25,53.91285714285714,54.924285714285716,1,HOLD,
2025-07-07 14:15:00-04:00,54.39,83084,73.4374999999999,66.67257106785581,0.41214285714285787,53.03,55.15,54.702,83330.75,124996.125,True,False,False,False,True,False,False,True,False,False,False,True,False,True,False,54.25,53.91285714285714,54.924285714285716,1,SELL,Price $54.39 < 5-SMA $54.70
2025-07-07 14:20:00-04:00,54.45,84264,67.14975845410618,64.17505292537825,0.37928571428571495,53.03,55.15,54.641999999999996,85403.35,128105.02500000001,True,False,False,False,True,False,False,True,False,False,False,False,False,False,False,,,,0,HOLD,
2025-07-07 14:25:00-04:00,53.8,155380,49.62121212121206,60.684155652365675,0.4028571428571439,53.03,55.15,54.458000000000006,92025.05,138037.575,True,False,False,False,False,True,True,True,False,False,False,False,False,False,False,,,,0,HOLD,
2025-07-07 14:30:00-04:00,53.83,139057,51.34099616858237,57.159587833308585,0.4142857142857156,53.03,55.15,54.25599999999999,97798.1,146697.15000000002,True,False,False,False,True,False,False,True,False,False,False,False,False,False,False,,,,0,HOLD,
2025-07-07 14:35:00-04:00,54.04,89917,57.83582089552236,54.34322416335085,0.4250000000000012,53.03,55.15,54.102,100878.85,151318.27500000002,True,False,False,False,True,False,False,True,False,False,False,False,False,False,False,,,,0,HOLD,
2025-07-07 14:40:00-04:00,54.16,66083,52.91666666666652,51.30349902620761,0.40857142857142953,53.04,55.15,54.056,103507.9,155261.84999999998,True,False,False,False,True,False,False,True,False,False,False,False,False,False,False,,,,0,HOLD,
2025-07-07 14:45:00-04:00,54.28,64139,50.65502183406115,48.40819415070923,0.39857142857142946,53.04,55.15,54.022000000000006,105723.8,158585.7,True,False,False,False,True,False,False,True,False,False,False,False,False,False,False,,,,0,HOLD,
2025-07-07 14:50:00-04:00,54.39,40728,52.11864406779662,45.645296458454546,0.40000000000000113,53.19,55.15,54.14,100026.5,150039.75,True,False,False,False,True,False,False,True,False,False,False,False,False,False,False,,,,0,HOLD,
2025-07-07 14:55:00-04:00,54.48,50251,53.49794238683115,43.154148909224254,0.40357142857142997,53.54,55.15,54.27,98465.3,147697.95,True,False,False,False,True,False,False,True,False,False,False,False,False,False,False,,,,0,HOLD,
2025-07-07 15:00:00-04:00,54.74,91341,49.77777777777783,40.165284249145564,0.38500000000000156,53.54,55.15,54.40999999999999,101523.95,152285.925,True,False,False,False,False,True,False,True,False,False,False,False,False,False,False,,,,0,HOLD,
2025-07-07 15:05:00-04:00,54.17,127562,39.7163120567377,38.52786246780268,0.40714285714285836,53.54,55.15,54.412,106204.55,159306.825,True,False,False,False,False,True,False,True,False,False,False,False,False,False,False,,,,0,HOLD,
2025-07-07 15:10:00-04:00,54.85,72054,51.87319884726227,37.072066444868085,0.42071428571428726,53.66,55.15,54.52600000000001,103379.65,155069.47499999998,True,False,False,False,True,False,False,True,False,False,False,False,False,False,False,,,,0,HOLD,
2025-07-07 15:15:00-04:00,54.62,83819,46.92737430167591,35.24280816972648,0.4192857142857151,53.7,55.15,54.57199999999999,102317.65,153476.47499999998,True,False,False,False,False,True,False,True,False,False,False,False,False,False,False,,,,0,HOLD,
2025-07-07 15:20:00-04:00,54.63,80880,47.47191011235957,34.343768300460326,0.42357142857142954,53.7,55.15,54.602,99471.5,149207.25,True,False,False,False,False,True,False,True,False,False,False,False,False,False,False,,,,0,HOLD,
2025-07-07 15:25:00-04:00,54.93,53904,57.84883720930227,32.16654634644217,0.40857142857142953,53.7,55.15,54.64,99294.7,148942.05,True,False,False,False,True,False,False,True,False,False,False,False,False,False,False,,,,0,HOLD,
2025-07-07 15:30:00-04:00,55.48,307818,63.104325699745424,32.200796472408136,0.44142857142857245,53.7,55.15,54.902,104052.4,156078.59999999998,True,False,True,False,True,False,True,True,False,True,False,False,False,False,False,,,,0,BUY,Breakout > $55.15 | ADX=32.2 | RSI=63.1 | Vol spike 1.5x | SPY bullish | SL=$55.04 | TP=$56.36
2025-07-07 15:35:00-04:00,55.58,124777,76.3313609467455,33.52797172437901,0.41000000000000064,53.7,55.67,55.048,103762.1,155643.15000000002,True,False,False,False,True,False,False,True,False,False,False,False,False,True,False,55.48,55.03857142857142,56.362857142857145,1,HOLD,
2025-07-07 15:40:00-04:00,55.78,140601,77.46478873239431,35.375043256928834,0.41214285714285787,53.7,55.67,55.279999999999994,100954.7,151432.05,True,False,True,False,True,False,False,True,False,False,False,False,False,True,False,55.48,55.03857142857142,56.362857142857145,1,HOLD,
2025-07-07 15:45:00-04:00,55.98,214968,77.40112994350275,37.315695139384445,0.40500000000000064,53.7,55.8,55.55,106479.35,159719.02500000002,True,False,True,False,True,False,True,True,False,True,False,False,False,True,False,55.48,55.03857142857142,56.362857142857145,1,HOLD,
2025-07-07 15:50:00-04:00,56.17,239397,77.83933518005537,39.182308048147625,0.4164285714285723,53.7,56.06,55.798,115501.2,173251.8,True,False,True,False,True,False,True,True,False,True,False,False,False,True,False,55.48,55.03857142857142,56.362857142857145,1,HOLD,
2025-07-07 15:55:00-04:00,56.03,411754,74.10468319559222,40.78315768031928,0.42357142857142904,53.7,56.28,55.907999999999994,131934.7,197902.05000000002,True,False,False,False,True,False,True,True,False,False,False,False,False,True,False,55.48,55.03857142857142,56.362857142857145,1,HOLD,
2025-07-08 09:30:00-04:00,56.63,566876,77.18446601941741,43.0715401903331,0.5078571428571433,53.7,56.33,56.11800000000001,156065.3,234097.94999999998,True,False,True,False,True,False,True,True,False,True,False,False,False,True,False,55.48,55.03857142857142,56.362857142857145,1,SELL,Take profit hit at $56.63 (TP: $56.36)
2025-07-08 09:35:00-04:00,55.73,449554,62.6774847870182,43.431808700652994,0.5764285714285714,53.7,57.59,56.108000000000004,170774.0,256161.0,True,False,False,False,True,False,True,True,False,False,False,False,False,False,False,,,,0,HOLD,
2025-07-08 09:40:00-04:00,56.09,354628,63.419483101391606,43.30162203648484,0.6078571428571428,53.7,57.59,56.129999999999995,181552.55,272328.82499999995,True,False,False,False,True,False,True,True,False,False,False,False,False,False,False,,,,0,HOLD,
2025-07-08 09:45:00-04:00,55.95,285305,69.34782608695645,44.01106552286243,0.6142857142857139,53.72,57.59,56.086,191321.95,286982.92500000005,True,False,False,False,True,False,False,True,False,False,False,False,False,False,False,,,,0,HOLD,
2025-07-08 09:50:00-04:00,56.46,245053,68.17155756207666,44.79769823158483,0.6142857142857139,53.99,57.59,56.17199999999999,200270.45,300405.67500000005,True,False,False,False,True,False,False,True,False,False,False,False,False,False,False,,,,0,HOLD,
2025-07-08 09:55:00-04:00,56.33,144939,69.74595842956113,45.55859385553053,0.6221428571428572,54.09,57.59,56.112,204310.45,306465.67500000005,True,False,False,False,True,False,False,True,False,False,False,False,False,False,False,,,,0,HOLD,
2025-07-08 10:00:00-04:00,56.39,226075,70.09132420091314,45.551161826888745,0.653571428571429,54.09,57.59,56.24399999999999,213577.8,320366.69999999995,True,False,False,False,True,False,False,True,False,False,False,False,False,False,False,,,,0,HOLD,
2025-07-08 10:05:00-04:00,55.96,276036,61.419068736141874,45.620488777142036,0.7121428571428575,54.09,57.59,56.217999999999996,224867.05,337300.57499999995,True,False,False,False,True,False,False,True,False,False,False,False,False,False,False,,,,0,HOLD,
2025-07-08 10:10:00-04:00,55.5,258259,50.22624434389144,44.27575803400373,0.7092857142857143,54.09,57.59,56.128,233212.95,349819.42500000005,True,False,False,False,True,False,False,True,False,False,False,False,False,False,False,,,,0,HOLD,
2025-07-08 10:15:00-04:00,55.16,256320,45.49356223175967,42.42060184790143,0.7199999999999999,54.09,57.59,55.86800000000001,239650.85,359476.275,True,False,False,False,False,True,False,True,False,False,False,False,False,False,False,,,,0,HOLD,
2025-07-08 10:20:00-04:00,54.71,324298,39.10386965376785,39.78236114930208,0.7392857142857144,54.14,57.59,55.544,252263.05,378394.57499999995,True,False,False,False,False,True,False,True,False,False,False,False,False,False,False,,,,0,HOLD,
2025-07-08 10:25:00-04:00,55.14,283962,41.82879377431914,37.111943507296225,0.7635714285714289,54.44,57.59,55.294000000000004,262270.2,393405.30000000005,True,False,False,False,False,True,False,True,False,False,False,False,False,False,False,,,,0,HOLD,
2025-07-08 10:30:00-04:00,54.71,277144,36.43122676579929,35.17696695069806,0.7835714285714285,54.44,57.59,55.044,272083.4,408125.10000000003,True,False,False,False,False,True,False,True,False,False,False,False,False,False,False,,,,0,HOLD,
2025-07-08 10:35:00-04:00,54.85,180755,39.03345724907067,33.67584217161768,0.8100000000000003,54.46,57.59,54.914,278425.95,417638.92500000005,True,False,False,False,False,True,False,True,False,False,False,False,False,False,False,,,,0,HOLD,
2025-07-08 10:40:00-04:00,55.01,136438,33.60323886639675,35.135971092132365,0.720714285714286,54.31,57.59,54.884,269856.95,404785.42500000005,True,False,False,False,False,True,False,True,False,False,False,False,False,False,False,,,,0,HOLD,
2025-07-08 10:45:00-04:00,54.65,107419,37.72727272727276,36.09160540591922,0.6664285714285718,54.31,57.59,54.87199999999999,268989.05,403483.57499999995,True,False,False,False,False,True,False,True,False,False,False,False,False,False,False,,,,0,HOLD,
2025-07-08 10:50:00-04:00,54.31,168262,29.680365296803615,37.25927819051382,0.6550000000000001,54.31,57.59,54.705999999999996,270372.1,405558.14999999997,True,False,False,False,False,True,False,True,False,False,False,False,False,False,False,,,,0,HOLD,
2025-07-08 10:55:00-04:00,54.23,153612,30.092592592592524,38.48261295635428,0.6314285714285717,54.2,57.59,54.61,267304.3,400956.44999999995,True,False,False,False,False,True,False,True,False,False,False,False,False,False,False,,,,0,HOLD,
2025-07-08 11:00:00-04:00,53.55,474086,17.59465478841868,40.99288157564137,0.6414285714285717,54.02,57.59,54.35,279038.75,418558.125,True,False,False,True,False,True,True,True,False,False,False,False,False,False,False,,,,0,HOLD,
2025-07-08 11:05:00-04:00,53.85,180867,23.390557939914217,43.70807038180116,0.6421428571428572,53.5,57.59,54.11800000000001,267494.4,401241.60000000003,True,False,False,False,False,True,False,True,False,False,False,False,False,False,False,,,,0,HOLD,
2025-07-08 11:10:00-04:00,53.61,128334,21.2809917355372,45.63193691416268,0.6214285714285711,53.42,57.59,53.90999999999999,245567.3,368350.94999999995,True,False,False,False,False,True,False,True,False,False,False,False,False,False,False,,,,0,HOLD,
2025-07-08 11:15:00-04:00,53.71,100410,25.055432372505564,48.7058461821987,0.566428571428571,53.42,56.92,53.79,228110.1,342165.15,True,False,False,False,False,True,False,True,False,False,False,False,False,False,False,,,,0,HOLD,
2025-07-08 11:20:00-04:00,53.55,190644,26.84085510688837,51.48979712777667,0.5364285714285713,53.42,56.84,53.653999999999996,219910.9,329866.35,True,False,False,False,False,True,False,False,True,False,False,False,False,False,False,,,,0,HOLD,
2025-07-08 11:25:00-04:00,53.76,99470,32.843137254902004,53.10798923950801,0.533571428571429,53.42,56.84,53.696000000000005,210619.15,315928.725,True,False,False,False,False,True,False,False,True,False,False,False,False,False,False,,,,0,HOLD,
2025-07-08 11:30:00-04:00,53.54,74945,34.805194805194816,54.29868842081301,0.505,53.42,56.84,53.634,202113.75,303170.625,True,False,False,False,False,True,False,False,True,False,False,False,False,False,False,,,,0,HOLD,
2025-07-08 11:35:00-04:00,53.66,175256,29.096045197740096,55.43274200479004,0.4807142857142855,53.42,56.84,53.64399999999999,203629.6,305444.4,True,False,False,False,False,True,False,False,True,False,False,False,False,False,False,,,,0,HOLD,
2025-07-08 11:40:00-04:00,53.41,119737,30.65476190476187,56.513458330360095,0.45999999999999985,53.4,56.84,53.58399999999999,198312.7,297469.05000000005,True,False,False,False,False,True,False,False,True,False,False,False,False,False,False,,,,0,HOLD,
2025-07-08 11:45:00-04:00,53.63,65231,32.2674418604652,57.37096262951429,0.42357142857142854,53.25,56.84,53.6,187772.45,281658.67500000005,True,False,False,False,False,True,False,False,True,False,False,False,False,False,False,,,,0,HOLD,
2025-07-08 11:50:00-04:00,53.7,76902,30.447761194030022,57.63460436331009,0.4142857142857141,53.25,56.16,53.588,178704.6,268056.9,True,False,False,False,False,True,False,False,True,False,False,False,False,False,False,,,,0,HOLD,
2025-07-08 11:55:00-04:00,53.67,71329,33.77483443708624,57.51784690878799,0.3935714285714284,53.25,55.54,53.614,169455.05,254182.57499999998,True,False,False,False,False,True,False,False,True,False,False,False,False,False,False,,,,0,HOLD,
2025-07-08 12:00:00-04:00,53.82,70421,41.34275618374561,56.03251240400376,0.36499999999999994,53.25,55.35,53.646,156761.2,235141.80000000002,True,False,False,False,False,True,False,False,True,False,False,False,False,False,False,,,,0,HOLD,
2025-07-08 12:05:00-04:00,53.62,92412,39.66101694915261,54.439319421638395,0.36071428571428604,53.25,55.2,53.688,147183.7,220775.55000000002,True,False,False,False,False,True,False,False,True,False,False,False,False,False,False,,,,0,HOLD,
2025-07-08 12:10:00-04:00,53.75,89427,54.16666666666669,51.02698708199763,0.31571428571428584,53.25,55.16,53.712,137797.85,206696.77500000002,True,False,False,False,True,False,False,False,True,False,False,False,False,False,False,,,,0,HOLD,
2025-07-08 12:15:00-04:00,53.79,58761,48.59813084112145,48.125059433283454,0.2950000000000002,53.25,55.13,53.730000000000004,131698.15,197547.22499999998,True,False,False,False,False,True,False,False,True,False,False,False,False,False,False,,,,0,HOLD,
2025-07-08 12:20:00-04:00,53.83,33375,55.67010309278344,44.87389059177559,0.274285714285715,53.25,55.13,53.762,126545.0,189817.5,True,False,False,False,True,False,False,False,True,False,False,False,False,False,False,,,,0,HOLD,
2025-07-08 12:25:00-04:00,53.97,90186,56.565656565656475,43.00789840664869,0.2635714285714294,53.25,55.01,53.79200000000001,125683.35,188525.02500000002,True,False,False,False,True,False,False,False,True,False,False,False,False,False,False,,,,0,HOLD,
2025-07-08 12:30:00-04:00,54.2,196715,65.85365853658541,43.022325416403056,0.274285714285715,53.25,54.87,53.908,127106.0,190659.0,True,False,False,False,True,False,True,False,True,False,False,False,False,False,False,,,,0,HOLD,
2025-07-08 12:35:00-04:00,54.13,177715,59.68586387434562,41.224812376455866,0.2892857142857151,53.25,54.45,53.984,128311.15,192466.72499999998,True,False,False,False,True,False,False,False,True,False,False,False,False,False,False,,,,0,HOLD,
2025-07-08 12:40:00-04:00,54.3,79039,70.4301075268816,39.87682157645687,0.29857142857142954,53.25,54.45,54.086,108558.8,162838.2,True,False,False,False,True,False,False,False,True,False,False,False,False,False,False,,,,0,HOLD,
2025-07-08 12:45:00-04:00,54.31,84460,68.57142857142858,39.641717596256946,0.29714285714285793,53.25,54.45,54.182,103738.45,155607.675,True,False,False,False,True,False,False,False,True,False,False,False,False,False,False,,,,0,HOLD,
2025-07-08 12:50:00-04:00,54.36,38896,80.64516129032245,40.4055642300813,0.28000000000000114,53.25,54.47,54.260000000000005,99266.55,148899.825,True,False,False,False,True,False,False,False,True,False,False,False,False,False,False,,,,0,HOLD,
2025-07-08 12:55:00-04:00,54.44,61687,78.72340425531891,41.316920853791544,0.2814285714285728,53.25,54.47,54.30800000000001,97330.4,145995.59999999998,True,False,False,False,True,False,False,False,True,False,False,False,False,False,False,,,,0,HOLD,
2025-07-08 13:00:00-04:00,54.6,121302,79.99999999999982,42.120290975956586,0.28714285714285837,53.25,54.49,54.402,93863.3,140794.95,True,False,True,False,True,False,False,False,True,False,False,False,False,False,False,,,,0,HOLD,
2025-07-08 13:05:00-04:00,54.54,52692,78.43137254901937,42.93658355601493,0.2914285714285728,53.25,54.64,54.45,91524.4,137286.59999999998,True,False,False,False,True,False,False,False,True,False,False,False,False,False,False,,,,0,HOLD,
2025-07-08 13:10:00-04:00,54.49,46835,73.42657342657337,43.41613827703879,0.28714285714285886,53.25,54.64,54.486000000000004,90118.9,135178.34999999998,True,False,False,False,True,False,False,False,True,False,False,False,False,False,False,,,,0,HOLD,
2025-07-08 13:15:00-04:00,54.23,93897,70.46979865771797,42.1637250387629,0.29428571428571615,53.25,54.64,54.46,86050.95,129076.42499999999,True,False,False,False,True,False,False,False,True,False,False,False,False,False,False,,,,0,HOLD,
2025-07-08 13:20:00-04:00,54.26,54804,68.34532374100702,41.16229557705485,0.2914285714285733,53.25,54.64,54.424,82804.3,124206.45000000001,True,False,False,False,True,False,False,False,True,False,False,False,False,False,False,,,,0,HOLD,
2025-07-08 13:25:00-04:00,54.22,37983,65.46762589928048,39.79912604140249,0.29071428571428726,53.39,54.64,54.348,81441.9,122162.84999999999,True,False,False,False,True,False,False,False,True,False,False,False,False,False,False,,,,0,HOLD,
2025-07-08 13:30:00-04:00,54.05,32088,57.23684210526307,37.80667146021386,0.30071428571428677,53.5,54.64,54.25,79201.2,118801.79999999999,True,False,False,False,True,False,False,False,True,False,False,False,False,False,False,,,,0,HOLD,
2025-07-08 13:35:00-04:00,54.24,38001,58.5987261146497,35.10619492734144,0.30214285714285843,53.5,54.64,54.2,77534.8,116302.20000000001,True,False,False,False,True,False,False,False,True,False,False,False,False,False,False,,,,0,HOLD,
2025-07-08 13:40:00-04:00,54.66,116964,63.0681818181816,32.866466718245604,0.3007142857142873,53.5,54.64,54.28599999999999,79861.95,119792.92499999999,True,False,True,False,True,False,False,False,True,False,False,False,False,False,False,,,,0,HOLD,
2025-07-08 13:45:00-04:00,54.84,98209,68.98395721925124,33.01455902666696,0.2921428571428584,53.5,54.7,54.402,80151.8,120227.70000000001,True,False,True,False,True,False,False,False,True,False,False,False,False,False,False,,,,0,HOLD,
2025-07-08 13:50:00-04:00,54.82,52521,65.11627906976736,33.00775157178969,0.27500000000000113,53.5,54.99,54.522000000000006,78306.5,117459.75,True,False,False,False,True,False,False,False,True,False,False,False,False,False,False,,,,0,HOLD,
2025-07-08 13:55:00-04:00,55.22,238523,71.56398104265381,33.68956870875913,0.28714285714285837,53.71,54.99,54.75599999999999,87294.6,130941.90000000001,True,False,True,False,True,False,True,False,True,False,False,False,False,False,False,,,,0,HOLD,
2025-07-08 14:00:00-04:00,55.27,69776,71.56398104265391,34.49016802839588,0.2914285714285723,53.73,55.25,54.962,89114.65,133671.97499999998,True,False,True,False,True,False,False,True,False,False,False,False,False,False,False,,,,0,HOLD,
2025-07-08 14:05:00-04:00,55.17,69620,67.13615023474168,35.0878090875921,0.29071428571428626,53.73,55.33,55.064,88086.35,132129.52500000002,True,False,False,False,True,False,False,True,False,False,False,False,False,False,False,,,,0,HOLD,
2025-07-08 14:10:00-04:00,55.01,116691,59.62441314553972,34.60598315200015,0.29357142857142954,53.73,55.35,55.098,84085.15,126127.72499999999,True,False,False,False,True,False,False,True,False,False,False,False,False,False,False,,,,0,HOLD,
2025-07-08 14:15:00-04:00,54.92,45185,58.796296296296276,33.649278727723086,0.29000000000000065,53.73,55.35,55.11800000000001,77458.65,116187.97499999999,True,False,False,False,True,False,False,True,False,False,False,False,False,False,False,,,,0,HOLD,
2025-07-08 14:20:00-04:00,54.66,186515,53.5864978902952,31.820471462278167,0.32428571428571523,54.0,55.35,55.00599999999999,82832.45,124248.67499999999,True,False,False,False,True,False,True,True,False,False,False,False,False,False,False,,,,0,HOLD,
2025-07-08 14:25:00-04:00,54.66,59641,60.189573459715525,30.05778472517665,0.30428571428571516,54.0,55.35,54.884,81591.5,122387.25,True,False,False,False,True,False,False,True,False,False,False,False,False,False,False,,,,0,HOLD,
2025-07-08 14:30:00-04:00,54.73,42296,60.93023255813941,28.594029915614335,0.30785714285714355,54.0,55.35,54.79600000000001,81761.5,122642.25,True,False,False,False,True,False,False,True,False,False,False,False,False,False,False,,,,0,HOLD,
2025-07-08 14:35:00-04:00,55.11,89868,67.87148594377494,28.08798734751789,0.3307142857142869,54.0,55.35,54.815999999999995,83170.55,124755.82500000001,True,False,False,False,True,False,False,True,False,False,False,False,False,False,False,,,,0,HOLD,
2025-07-08 14:40:00-04:00,55.2,192144,73.85892116182559,28.72905518433353,0.3364285714285725,54.0,55.35,54.87199999999999,86712.65,130068.97499999999,True,False,False,False,True,False,True,True,False,False,False,False,False,False,False,,,,0,HOLD,
2025-07-08 14:45:00-04:00,55.24,72561,72.12389380530955,29.428115604029024,0.34000000000000086,54.0,55.48,54.988,87706.1,131559.15000000002,True,False,False,False,True,False,False,True,False,False,False,False,False,False,False,,,,0,HOLD,
2025-07-08 14:50:00-04:00,55.16,35624,63.02083333333313,29.001592355416697,0.3185714285714291,54.0,55.48,55.08800000000001,87145.55,130718.32500000001,True,False,False,False,True,False,False,True,False,False,False,False,False,False,False,,,,0,HOLD,
2025-07-08 14:55:00-04:00,55.16,36739,59.195402298850254,27.86462948356782,0.2928571428571435,54.0,55.48,55.174,84287.65,126431.47499999999,True,False,False,False,True,False,False,True,False,False,False,False,False,False,False,,,,0,HOLD,
2025-07-08 15:00:00-04:00,54.47,159270,42.738589211618276,26.821559430850108,0.3342857142857148,54.0,55.48,55.04600000000001,89510.95,134266.425,True,False,False,False,False,True,True,True,False,False,False,False,False,False,False,,,,0,HOLD,
2025-07-08 15:05:00-04:00,54.43,101120,30.731707317073372,27.1343051857894,0.3257142857142864,54.0,55.48,54.891999999999996,92667.8,139001.7,True,False,False,False,False,True,False,True,False,False,False,False,False,False,False,,,,0,HOLD,
2025-07-08 15:10:00-04:00,53.91,194519,23.01587301587307,28.599783866190826,0.35357142857142926,54.0,55.48,54.626,100789.35,151184.02500000002,True,False,False,True,False,True,True,True,False,False,False,False,False,False,False,,,,0,HOLD,
2025-07-08 15:15:00-04:00,53.97,128620,25.806451612903345,30.11658383991648,0.3614285714285721,53.81,55.48,54.388,105320.3,157980.45,True,False,False,False,False,True,False,True,False,False,False,False,False,False,False,,,,0,HOLD,
2025-07-08 15:20:00-04:00,53.86,112966,26.337448559670946,31.489208803731977,0.3671428571428577,53.74,55.48,54.128,105120.4,157680.59999999998,True,False,False,False,False,True,False,True,False,False,False,False,False,False,False,,,,0,HOLD,
2025-07-08 15:25:00-04:00,53.89,73019,28.270042194092966,32.62603990994095,0.36785714285714327,53.64,55.48,54.012,103860.9,155791.34999999998,True,False,False,False,False,True,False,True,False,False,False,False,False,False,False,,,,0,HOLD,
2025-07-08 15:30:00-04:00,53.6,153243,27.916666666666885,33.16399993887094,0.3492857142857143,53.64,55.48,53.846000000000004,108897.0,163345.5,True,False,False,True,False,True,False,True,False,False,False,False,False,False,False,,,,0,HOLD,
2025-07-08 15:35:00-04:00,53.5,150360,26.800000000000196,33.76217576741313,0.3614285714285716,53.49,55.48,53.763999999999996,104488.85,156733.27500000002,True,False,False,False,False,True,False,True,False,False,False,False,False,False,False,,,,0,HOLD,
2025-07-08 15:40:00-04:00,53.42,128127,23.904382470119742,34.66203130236257,0.3592857142857149,53.43,55.48,53.653999999999996,107406.4,161109.59999999998,True,False,False,True,False,True,False,True,False,False,False,False,False,False,False,,,,0,HOLD,
2025-07-08 15:45:00-04:00,53.49,103740,13.181818181818414,37.155116023001305,0.3414285714285715,53.36,55.48,53.580000000000005,109112.4,163668.59999999998,True,False,False,False,False,True,False,True,False,False,False,False,False,False,False,,,,0,HOLD,
2025-07-08 15:50:00-04:00,53.61,178420,14.349775784753348,40.81587895717613,0.3342857142857148,53.32,55.48,53.524,112198.85,168298.27500000002,True,False,False,False,False,True,True,True,False,False,False,False,False,False,False,,,,0,HOLD,
2025-07-08 15:55:00-04:00,53.51,266944,12.227074235807876,43.77495836410678,0.33000000000000085,53.32,55.48,53.50599999999999,123286.8,184930.2,True,False,False,False,False,True,True,False,True,False,False,False,False,False,False,,,,0,HOLD,
2025-07-09 09:30:00-04:00,54.13,277319,31.802120141342897,42.751893823422044,0.394285714285715,53.32,55.48,53.63199999999999,127827.0,191740.5,True,False,False,False,False,True,True,False,True,False,False,False,False,False,False,,,,0,HOLD,
2025-07-09 09:35:00-04:00,54.28,147165,35.23489932885916,41.80190532135765,0.44071428571428584,53.32,55.48,53.803999999999995,132203.2,198304.80000000002,True,False,False,False,False,True,False,False,True,False,False,False,False,False,False,,,,0,HOLD,
2025-07-09 09:40:00-04:00,54.73,333583,54.744525547445214,39.85053769988137,0.4621428571428576,53.32,55.48,54.052,146767.55,220151.32499999998,True,False,False,False,True,False,True,False,True,False,False,False,False,False,False,,,,0,HOLD,
2025-07-09 09:45:00-04:00,55.05,208649,60.2649006622516,38.33411998240217,0.49285714285714327,53.32,55.48,54.339999999999996,152706.6,229059.90000000002,True,False,False,False,True,False,False,False,True,False,False,False,False,False,False,,,,0,HOLD,
2025-07-09 09:50:00-04:00,55.2,214527,74.3396226415095,39.19596855508771,0.47642857142857203,53.32,55.48,54.678,153825.75,230738.625,True,False,False,False,True,False,False,False,True,False,False,False,False,False,False,,,,0,HOLD,
2025-07-09 09:55:00-04:00,54.27,248889,54.2613636363637,37.29446010825296,0.5307142857142862,53.32,55.42,54.705999999999996,162642.15,243963.22499999998,True,False,False,False,True,False,True,False,True,False,False,False,False,False,False,,,,0,HOLD,
2025-07-09 10:00:00-04:00,54.26,138415,55.847953216374236,35.675866267768,0.5400000000000001,53.32,55.4,54.70200000000001,167781.7,251672.55000000002,True,False,False,False,True,False,False,False,True,False,False,False,False,False,False,,,,0,HOLD,
2025-07-09 10:05:00-04:00,53.66,205262,47.1177944862155,33.20277807570938,0.5807142857142858,53.32,55.4,54.488,176207.85,264311.775,True,False,False,False,False,True,False,False,True,False,False,False,False,False,False,,,,0,HOLD,
2025-07-09 10:10:00-04:00,53.07,424654,43.82284382284382,31.439423576384286,0.6235714285714283,53.32,55.4,54.092,189477.05,284215.57499999995,True,False,False,True,False,True,True,False,True,False,True,False,False,False,False,,,,0,HOLD,
2025-07-09 10:15:00-04:00,53.07,228370,44.86873508353223,29.86500691817438,0.6278571428571423,52.95,55.4,53.666,195839.55,293759.32499999995,True,False,False,False,False,True,False,False,True,False,False,False,False,False,True,53.07,53.69357142857143,51.822857142857146,0,HOLD,
2025-07-09 10:20:00-04:00,52.54,446735,40.517241379310335,28.971980521350297,0.6607142857142847,52.85,55.4,53.31999999999999,208450.35,312675.525,True,False,False,True,False,True,True,False,True,False,True,False,False,False,True,53.07,53.69357142857143,51.822857142857146,0,HOLD,
2025-07-09 10:25:00-04:00,51.68,506297,33.33333333333333,29.044080343116033,0.7178571428571416,52.38,55.4,52.803999999999995,227334.2,341001.30000000005,True,False,False,True,False,True,True,False,True,False,True,False,False,False,True,52.54,53.200714285714284,51.21857142857143,0,HOLD,
2025-07-09 10:30:00-04:00,52.17,239548,37.586206896551765,29.32324467234924,0.7492857142857129,51.52,55.4,52.50600000000001,233663.3,350494.94999999995,True,False,False,False,False,True,False,False,True,False,False,False,False,False,True,51.68,52.39785714285714,50.244285714285716,0,HOLD,
2025-07-09 10:35:00-04:00,52.28,159375,39.414802065404515,29.301608104123613,0.7657142857142841,51.52,55.4,52.348,237981.1,356971.65,True,False,False,False,False,True,False,False,True,False,False,False,False,False,True,51.68,52.39785714285714,50.244285714285716,0,HOLD,
2025-07-09 10:40:00-04:00,52.28,161895,32.17726396917149,30.584163522846545,0.7178571428571411,51.52,55.4,52.19,238413.7,357620.55000000005,True,False,False,False,False,True,False,False,True,False,False,False,True,False,True,51.68,52.39785714285714,50.244285714285716,0,HOLD,
2025-07-09 10:45:00-04:00,51.88,203008,27.941176470588275,32.09511268103263,0.6964285714285704,51.52,55.4,52.05800000000001,241046.1,361569.15,True,False,False,False,False,True,False,False,True,False,False,False,False,False,True,51.68,52.39785714285714,50.244285714285716,0,HOLD,
2025-07-09 10:50:00-04:00,51.92,104165,22.06759443339969,35.01158778896886,0.6421428571428558,51.52,55.4,52.10600000000001,239848.0,359772.0,True,False,False,False,False,True,False,False,True,False,False,False,False,False,True,51.68,52.39785714285714,50.244285714285716,0,HOLD,
2025-07-09 10:55:00-04:00,52.02,73493,18.50311850311863,37.612800906083336,0.6078571428571412,51.52,55.4,52.076,238335.65,357503.475,True,False,False,False,False,True,False,False,True,False,False,False,False,False,True,51.68,52.39785714285714,50.244285714285716,0,HOLD,
2025-07-09 11:00:00-04:00,52.15,86105,18.162839248434196,39.84545341522847,0.6078571428571412,51.52,55.4,52.05,233719.9,350579.85,True,False,False,False,False,True,False,False,True,False,False,False,True,False,True,51.68,52.39785714285714,50.244285714285716,0,HOLD,
2025-07-09 11:05:00-04:00,52.2,65890,23.5294117647059,41.38332541240226,0.5457142857142843,51.52,55.4,52.034000000000006,223667.2,335500.80000000005,True,False,False,False,False,True,False,False,True,False,False,False,True,False,True,51.68,52.39785714285714,50.244285714285716,0,HOLD,
2025-07-09 11:10:00-04:00,52.23,47869,24.17302798982182,42.60030592805773,0.5249999999999986,51.52,55.4,52.104000000000006,212194.7,318292.05000000005,True,False,False,False,False,True,False,False,True,False,False,False,True,False,True,51.68,52.39785714285714,50.244285714285716,0,HOLD,
2025-07-09 11:15:00-04:00,52.48,74937,33.519553072625655,42.81557229660498,0.49571428571428455,51.52,55.4,52.215999999999994,208583.3,312874.94999999995,True,False,False,False,False,True,False,False,True,False,False,False,True,False,True,51.68,52.39785714285714,50.244285714285716,0,HOLD,
2025-07-09 11:20:00-04:00,52.48,119637,40.13377926421397,41.78434415958878,0.43785714285714256,51.52,55.4,52.30799999999999,197886.0,296829.0,True,False,False,False,False,True,False,False,True,False,False,False,True,False,True,51.68,52.39785714285714,50.244285714285716,0,HOLD,
2025-07-09 11:25:00-04:00,52.64,75701,43.17460317460318,40.433097733757585,0.42571428571428577,51.52,55.4,52.40599999999999,191238.6,286857.9,True,False,False,False,False,True,False,False,True,False,False,False,True,False,True,51.68,52.39785714285714,50.244285714285716,0,HOLD,
2025-07-09 11:30:00-04:00,52.54,50904,50.0,38.125739417118666,0.39000000000000007,51.52,55.4,52.474000000000004,183057.45,274586.17500000005,True,False,False,False,False,False,False,False,True,False,False,False,True,False,True,51.68,52.39785714285714,50.244285714285716,0,HOLD,
2025-07-09 11:35:00-04:00,52.64,68865,74.48979591836735,37.811601648102155,0.33785714285714363,51.52,55.22,52.556,174056.25,261084.375,True,False,False,False,True,False,False,False,True,False,False,False,True,False,True,51.68,52.39785714285714,50.244285714285716,0,HOLD,
2025-07-09 11:40:00-04:00,52.55,36502,62.17948717948701,37.51990229115825,0.3000000000000007,51.52,54.57,52.57000000000001,168960.6,253440.90000000002,True,False,False,False,True,False,False,False,True,False,False,False,False,False,True,51.68,52.39785714285714,50.244285714285716,0,HOLD,
2025-07-09 11:45:00-04:00,52.78,36800,64.88095238095232,37.04449480828013,0.28571428571428675,51.52,54.3,52.629999999999995,160537.5,240806.25,True,False,False,False,True,False,False,False,True,False,False,False,True,False,True,51.68,52.39785714285714,50.244285714285716,0,HOLD,
2025-07-09 11:50:00-04:00,53.02,96680,69.2708333333333,36.86295403458928,0.2807142857142867,51.52,53.98,52.706,144138.8,216208.19999999998,True,False,False,False,True,False,False,False,True,False,False,False,True,False,True,51.68,52.39785714285714,50.244285714285716,0,HOLD,
2025-07-09 11:55:00-04:00,52.93,70242,82.60869565217355,40.10290176227738,0.26785714285714335,51.52,53.25,52.784000000000006,136232.4,204348.59999999998,True,False,False,False,True,False,False,False,True,False,False,False,True,False,True,51.68,52.39785714285714,50.244285714285716,0,HOLD,
2025-07-09 12:00:00-04:00,52.93,33786,82.16560509554104,43.11142465227339,0.2621428571428578,51.52,53.15,52.842,115584.95,173377.425,True,False,False,False,True,False,False,False,True,False,False,False,True,False,True,51.68,52.39785714285714,50.244285714285716,0,HOLD,
2025-07-09 12:05:00-04:00,52.88,33284,78.28947368421032,45.85621300128679,0.2571428571428583,51.52,53.15,52.908,91934.3,137901.45,True,False,False,False,True,False,False,False,True,False,False,False,False,False,True,51.68,52.39785714285714,50.244285714285716,0,HOLD,
2025-07-09 12:10:00-04:00,52.53,64105,60.91954022988503,44.54625339572991,0.2607142857142866,51.53,53.15,52.85799999999999,83162.15,124743.22499999999,True,False,False,False,True,False,False,False,True,False,False,False,False,False,True,51.68,52.39785714285714,50.244285714285716,0,HOLD,
2025-07-09 12:15:00-04:00,52.76,41117,64.58333333333314,43.3298623334271,0.2657142857142866,51.77,53.15,52.806000000000004,77249.25,115873.875,True,False,False,False,True,False,False,False,True,False,False,False,False,False,True,51.68,52.39785714285714,50.244285714285716,0,HOLD,
2025-07-09 12:20:00-04:00,52.94,47302,67.14975845410618,42.61582454770616,0.2700000000000011,51.77,53.15,52.80799999999999,71519.6,107279.40000000001,True,False,False,False,True,False,False,False,True,False,False,False,True,False,True,51.68,52.39785714285714,50.244285714285716,0,HOLD,
2025-07-09 12:25:00-04:00,52.96,36670,63.04347826086955,41.57183708001289,0.25500000000000106,51.77,53.15,52.814,63202.7,94804.04999999999,True,False,False,False,True,False,False,False,True,False,False,False,True,False,True,51.68,52.39785714285714,50.244285714285716,0,HOLD,
2025-07-09 12:30:00-04:00,53.12,66118,65.9999999999999,41.18061118545578,0.2671428571428578,51.77,53.15,52.862,61300.35,91950.525,True,False,False,False,True,False,False,False,True,False,False,False,True,False,True,51.68,52.39785714285714,50.244285714285716,0,HOLD,
2025-07-09 12:35:00-04:00,53.26,36295,65.6565656565655,40.79015936608652,0.2700000000000006,51.88,53.33,53.008,59440.45,89160.67499999999,True,False,False,False,True,False,False,False,True,False,False,False,True,False,True,51.68,52.39785714285714,50.244285714285716,0,HOLD,
2025-07-09 12:40:00-04:00,53.5,82168,72.64150943396216,40.87196825929234,0.27857142857142947,51.98,53.39,53.15599999999999,59243.6,88865.4,True,False,True,False,True,False,False,False,True,False,False,False,True,False,True,51.68,52.39785714285714,50.244285714285716,0,HOLD,
2025-07-09 12:45:00-04:00,53.66,117144,73.39449541284387,41.92861514295305,0.2828571428571434,52.05,53.57,53.3,61806.3,92709.45000000001,True,False,True,False,True,False,True,False,True,False,False,False,True,False,True,51.68,52.39785714285714,50.244285714285716,0,HOLD,
2025-07-09 12:50:00-04:00,53.66,55291,76.55502392344492,42.90978724920943,0.2892857142857151,52.14,53.83,53.44,62177.4,93266.1,True,False,False,False,True,False,False,False,True,False,False,False,True,False,True,51.68,52.39785714285714,50.244285714285716,0,HOLD,
2025-07-09 12:55:00-04:00,53.66,40765,73.65591397849451,43.54992085669526,0.2807142857142862,52.15,53.83,53.548,60468.8,90703.20000000001,True,False,False,False,True,False,False,False,True,False,False,False,True,False,True,51.68,52.39785714285714,50.244285714285716,0,HOLD,
2025-07-09 13:00:00-04:00,53.61,34474,67.66467065868258,42.930906576233674,0.2671428571428578,52.41,53.83,53.617999999999995,56210.65,84315.975,True,False,False,False,True,False,False,False,True,False,False,False,False,False,True,51.68,52.39785714285714,50.244285714285716,0,HOLD,
2025-07-09 13:05:00-04:00,53.51,60570,67.26190476190479,41.69165577427683,0.2614285714285722,52.41,53.83,53.61999999999999,55454.1,83181.15,True,False,False,False,True,False,False,False,True,False,False,False,False,False,True,51.68,52.39785714285714,50.244285714285716,0,HOLD,
2025-07-09 13:10:00-04:00,53.19,51788,56.49999999999998,39.40258536545434,0.2721428571428578,52.41,53.83,53.525999999999996,55498.3,83247.45000000001,True,False,False,False,True,False,False,True,False,False,False,False,False,False,True,51.68,52.39785714285714,50.244285714285716,0,HOLD,
2025-07-09 13:15:00-04:00,53.08,39165,54.85436893203874,36.62295818778254,0.2728571428571434,52.41,53.83,53.410000000000004,54013.3,81019.95000000001,True,False,False,False,True,False,False,True,False,False,False,False,False,False,True,51.68,52.39785714285714,50.244285714285716,0,HOLD,
2025-07-09 13:20:00-04:00,52.8,37592,56.78391959798987,34.69092318044852,0.2621428571428578,52.45,53.83,53.238,54067.8,81101.70000000001,True,False,False,False,True,False,False,True,False,False,False,False,False,False,True,51.68,52.39785714285714,50.244285714285716,0,HOLD,
2025-07-09 13:25:00-04:00,52.96,42109,55.20833333333339,32.733833429464106,0.25714285714285773,52.45,53.83,53.10799999999999,54333.25,81499.875,True,False,False,False,True,False,False,True,False,False,False,False,False,False,True,51.68,52.39785714285714,50.244285714285716,0,HOLD,
2025-07-09 13:30:00-04:00,53.09,35992,54.010695187165915,30.665972740486914,0.25071428571428606,52.45,53.83,53.024,51298.85,76948.275,True,False,False,False,True,False,False,True,False,False,False,False,True,False,True,51.68,52.39785714285714,50.244285714285716,0,HOLD,
2025-07-09 13:35:00-04:00,53.03,39082,51.832460732984295,28.819319989352046,0.2535714285714289,52.45,53.83,52.992000000000004,49740.85,74611.275,True,False,False,False,True,False,False,True,False,False,False,False,True,False,True,51.68,52.39785714285714,50.244285714285716,0,HOLD,
2025-07-09 13:40:00-04:00,52.89,44339,43.915343915344025,28.606704035056445,0.24857142857142886,52.45,53.83,52.95399999999999,50268.5,75402.75,True,False,False,False,False,True,False,True,False,False,False,False,False,False,True,51.68,52.39785714285714,50.244285714285716,0,HOLD,
2025-07-09 13:45:00-04:00,52.75,45694,36.50793650793661,28.970629279592696,0.24928571428571442,52.45,53.83,52.944,50889.0,76333.5,True,False,False,False,False,True,False,True,False,False,False,False,False,False,True,51.68,52.39785714285714,50.244285714285716,0,HOLD,
2025-07-09 13:50:00-04:00,52.66,112281,25.86206896551728,30.673369242767887,0.25071428571428606,52.45,53.83,52.88399999999999,53297.8,79946.70000000001,True,False,False,False,False,True,True,True,False,False,False,False,False,False,True,51.68,52.39785714285714,50.244285714285716,0,HOLD,
2025-07-09 13:55:00-04:00,52.44,56481,16.111111111111356,34.23999005443167,0.24571428571428605,52.48,53.83,52.754,54066.0,81099.0,True,False,False,True,False,True,False,True,False,False,False,False,False,False,True,51.68,52.39785714285714,50.244285714285716,0,HOLD,
2025-07-09 14:00:00-04:00,52.7,60906,26.69902912621393,36.88458846597888,0.25142857142857167,52.38,53.83,52.688,54746.2,82119.29999999999,True,False,False,False,False,True,False,True,False,False,False,False,True,False,True,51.68,52.39785714285714,50.244285714285716,0,HOLD,
2025-07-09 14:05:00-04:00,52.7,53055,26.69902912621393,38.932514686662955,0.25142857142857167,52.38,53.83,52.65,55565.45,83348.17499999999,True,False,False,False,False,True,False,True,False,False,False,False,True,False,True,51.68,52.39785714285714,50.244285714285716,0,HOLD,
2025-07-09 14:10:00-04:00,52.8,52378,30.80568720379155,40.27406976006459,0.2557142857142861,52.38,53.83,52.660000000000004,54878.45,82317.67499999999,True,False,False,False,False,True,False,True,False,False,False,False,True,False,True,51.68,52.39785714285714,50.244285714285716,0,HOLD,
2025-07-09 14:15:00-04:00,52.79,24326,32.17821782178228,41.375109259666495,0.2500000000000005,52.38,53.83,52.686,54280.0,81420.0,True,False,False,False,False,True,False,True,False,False,False,False,True,False,True,51.68,52.39785714285714,50.244285714285716,0,HOLD,
2025-07-09 14:20:00-04:00,53.1,42192,47.76119402985085,40.108056000859165,0.24857142857142936,52.38,53.83,52.818,52281.2,78421.79999999999,True,False,False,False,False,True,False,True,False,False,False,False,True,False,True,51.68,52.39785714285714,50.244285714285716,0,HOLD,
2025-07-09 14:25:00-04:00,53.08,27988,50.0,38.30310269204203,0.24571428571428658,52.38,53.83,52.89399999999999,47823.4,71735.1,True,False,False,False,False,False,False,True,False,False,False,False,True,False,True,51.68,52.39785714285714,50.244285714285716,0,HOLD,
2025-07-09 14:30:00-04:00,53.11,33371,59.28143712574848,35.9268790156834,0.24285714285714377,52.38,53.82,52.976,46727.4,70091.1,True,False,False,False,True,False,False,True,False,False,False,False,True,False,True,51.68,52.39785714285714,50.244285714285716,0,HOLD,
2025-07-09 14:35:00-04:00,53.24,47777,58.53658536585362,33.88799839567537,0.23857142857142982,52.38,53.78,53.064,47078.0,70617.0,True,False,False,False,True,False,False,True,False,False,False,False,True,False,True,51.68,52.39785714285714,50.244285714285716,0,HOLD,
2025-07-09 14:40:00-04:00,53.35,33752,58.024691358024576,31.99475210566791,0.23785714285714427,52.38,53.67,53.17600000000001,47041.9,70562.85,True,False,False,False,True,False,False,True,False,False,False,False,True,False,True,51.68,52.39785714285714,50.244285714285716,0,HOLD,
2025-07-09 14:45:00-04:00,53.35,86493,60.256410256410206,31.01964090285398,0.2478571428571443,52.38,53.67,53.226,48338.05,72507.07500000001,True,False,False,False,True,False,True,True,False,False,False,False,True,False,True,51.68,52.39785714285714,50.244285714285716,0,HOLD,
2025-07-09 14:50:00-04:00,53.32,91481,64.82758620689643,30.877684985829866,0.2400000000000015,52.38,53.63,53.274,50322.7,75484.04999999999,True,False,False,False,True,False,True,True,False,False,False,False,True,False,True,51.68,52.39785714285714,50.244285714285716,0,HOLD,
2025-07-09 14:55:00-04:00,53.46,65827,74.48275862068951,31.575361864722254,0.23571428571428754,52.38,53.63,53.343999999999994,51655.8,77483.70000000001,True,False,False,False,True,False,False,True,False,False,False,False,True,False,True,51.68,52.39785714285714,50.244285714285716,0,HOLD,
2025-07-09 15:00:00-04:00,53.41,39254,76.59574468085086,33.29957071111969,0.2228571428571442,52.38,53.63,53.378,51738.9,77608.35,True,False,False,False,True,False,False,True,False,False,False,False,True,False,True,51.68,52.39785714285714,50.244285714285716,0,HOLD,
2025-07-09 15:05:00-04:00,53.58,68166,91.91176470588195,36.21393847635833,0.21928571428571583,52.38,53.63,53.424,53041.75,79562.625,True,False,False,False,True,False,False,True,False,False,False,False,True,False,True,51.68,52.39785714285714,50.244285714285716,0,HOLD,
2025-07-09 15:10:00-04:00,53.86,102886,92.02898550724596,39.121734079695386,0.21500000000000138,52.38,53.63,53.525999999999996,56386.45,84579.67499999999,True,False,True,False,True,False,True,True,False,True,False,False,True,False,True,51.68,52.39785714285714,50.244285714285716,0,BUY,Breakout > $53.63 | ADX=39.1 | RSI=92.0 | Vol spike 1.5x | SPY bullish | SL=$53.64 | TP=$54.29
2025-07-09 15:15:00-04:00,53.9,104065,92.25352112676015,41.852930971576995,0.2171428571428586,52.38,53.86,53.641999999999996,59635.6,89453.4,True,False,True,False,True,False,True,True,False,True,False,False,True,True,True,53.86,53.644999999999996,54.29,1,HOLD,
2025-07-09 15:20:00-04:00,53.82,113813,86.4285714285712,44.457239688753525,0.22500000000000092,52.38,53.95,53.714,63109.3,94663.95000000001,True,False,False,False,True,False,True,True,False,False,False,False,True,True,True,53.86,53.644999999999996,54.29,1,HOLD,
2025-07-09 15:25:00-04:00,53.73,50116,81.75675675675629,45.88489717130288,0.23285714285714373,52.38,54.08,53.778,63330.4,94995.6,True,False,False,False,True,False,False,True,False,False,False,True,False,True,True,53.86,53.644999999999996,54.29,1,SELL,Price $53.73 < 5-SMA $53.78
2025-07-09 15:30:00-04:00,53.84,73558,78.90624999999957,46.781801547749716,0.22142857142857256,52.38,54.08,53.83,61394.25,92091.375,True,False,False,False,True,False,False,True,False,False,False,False,True,False,True,53.86,53.644999999999996,54.29,0,HOLD,
2025-07-09 15:35:00-04:00,53.85,84530,80.31496062992096,47.55566529717725,0.21928571428571533,52.38,54.08,53.827999999999996,62796.7,94195.04999999999,True,False,False,False,True,False,False,True,False,False,False,False,True,False,True,53.86,53.644999999999996,54.29,0,HOLD,
2025-07-09 15:40:00-04:00,53.79,59460,76.15384615384576,49.03567935230496,0.2114285714285725,52.41,54.08,53.806,62724.4,94086.6,True,False,False,False,True,False,False,True,False,False,False,False,False,False,True,53.86,53.644999999999996,54.29,0,HOLD,
2025-07-09 15:45:00-04:00,53.99,102730,77.37226277372226,50.39424193825141,0.22500000000000092,52.68,54.08,53.839999999999996,65208.15,97812.225,True,False,False,False,True,False,True,True,False,False,False,False,True,False,True,53.86,53.644999999999996,54.29,0,HOLD,
2025-07-09 15:50:00-04:00,53.87,81375,68.84057971014445,51.448332882055944,0.22500000000000092,52.68,54.08,53.867999999999995,66658.0,99987.0,True,False,False,False,True,False,False,True,False,False,False,False,True,False,True,53.86,53.644999999999996,54.29,0,HOLD,
2025-07-09 15:55:00-04:00,53.91,267231,69.71830985915445,52.05916624762336,0.21857142857142925,52.7,54.08,53.88199999999999,78803.25,118204.875,True,False,False,False,True,False,True,True,False,False,False,False,True,False,True,53.86,53.644999999999996,54.29,0,HOLD,
2025-07-10 09:30:00-04:00,54.09,315312,74.52229299363023,54.141229636455634,0.26642857142857174,52.78,54.08,53.92999999999999,92459.25,138688.875,True,False,True,False,True,False,True,True,False,True,False,False,True,False,True,53.86,53.644999999999996,54.29,0,BUY,Breakout > $54.08 | ADX=54.1 | RSI=74.5 | Vol spike 1.5x | SPY bullish | SL=$53.82 | TP=$54.62
2025-07-10 09:35:00-04:00,53.81,106830,60.233918128654835,55.376039764463904,0.3028571428571425,52.88,54.48,53.93399999999999,96401.35,144602.02500000002,True,False,False,False,True,False,False,True,False,False,False,True,False,True,True,54.09,53.823571428571434,54.62285714285715,1,SELL,Stop loss hit at $53.81 (SL: $53.82)
2025-07-10 09:40:00-04:00,53.73,94293,59.19540229885042,54.86598650397697,0.3307142857142859,52.88,54.48,53.882000000000005,99447.45,149171.175,True,False,False,False,True,False,False,True,False,False,False,False,False,False,True,54.09,53.823571428571434,54.62285714285715,0,HOLD,
2025-07-10 09:45:00-04:00,54.08,154509,63.02083333333313,54.849785700673735,0.3550000000000004,53.08,54.48,53.924,104784.05,157176.075,True,False,False,False,True,False,False,True,False,False,False,False,True,False,True,54.09,53.823571428571434,54.62285714285715,0,HOLD,
2025-07-10 09:50:00-04:00,53.55,117007,42.857142857142904,53.36437629734377,0.37928571428571445,53.21,54.48,53.852,108946.8,163420.2,True,False,False,False,False,True,False,True,False,False,False,False,False,False,True,54.09,53.823571428571434,54.62285714285715,0,HOLD,
2025-07-10 09:55:00-04:00,53.11,158188,34.63035019455272,49.64460325096699,0.42928571428571416,53.22,54.48,53.656000000000006,112531.55,168797.325,True,False,False,True,False,True,False,True,False,False,False,False,False,False,True,54.09,53.823571428571434,54.62285714285715,0,HOLD,
2025-07-10 10:00:00-04:00,53.46,145180,43.661971830986,46.618040681092715,0.466428571428572,52.88,54.48,53.586,115216.5,172824.75,True,False,False,False,False,True,False,True,False,False,False,False,False,False,True,54.09,53.823571428571434,54.62285714285715,0,HOLD,
2025-07-10 10:05:00-04:00,53.64,107883,48.46416382252567,43.35752876004377,0.4842857142857149,52.88,54.48,53.568000000000005,117319.3,175978.95,True,False,False,False,False,True,False,True,False,False,False,False,True,False,True,54.09,53.823571428571434,54.62285714285715,0,HOLD,
2025-07-10 10:10:00-04:00,53.25,94007,40.80996884735203,40.89831752208145,0.5185714285714289,52.88,54.48,53.402,120056.95,180085.425,True,False,False,False,False,True,False,True,False,False,False,False,False,False,True,54.09,53.823571428571434,54.62285714285715,0,HOLD,
2025-07-10 10:15:00-04:00,53.58,60030,46.17563739376769,38.282259432897376,0.5557142857142858,52.88,54.48,53.407999999999994,119650.15,179475.22499999998,True,False,False,False,False,True,False,True,False,False,False,False,True,False,True,54.09,53.823571428571434,54.62285714285715,0,HOLD,
2025-07-10 10:20:00-04:00,53.42,51243,44.90358126721768,35.94979130395512,0.5750000000000003,52.88,54.48,53.470000000000006,117068.0,175602.0,True,False,False,False,False,True,False,True,False,False,False,False,False,False,True,54.09,53.823571428571434,54.62285714285715,0,HOLD,
2025-07-10 10:25:00-04:00,53.54,125732,43.66197183098589,34.81052049652977,0.5921428571428571,52.88,54.48,53.486000000000004,118151.35,177227.02500000002,True,False,False,False,False,True,False,True,False,False,False,False,True,False,True,54.09,53.823571428571434,54.62285714285715,0,HOLD,
2025-07-10 10:30:00-04:00,53.72,196437,47.92243767313021,32.34877051543804,0.6242857142857144,52.88,54.48,53.501999999999995,122282.55,183423.825,True,False,False,False,False,True,True,True,False,False,False,False,True,False,True,54.09,53.823571428571434,54.62285714285715,0,HOLD,
2025-07-10 10:35:00-04:00,53.42,114014,43.66925064599491,30.882507354476807,0.6492857142857146,52.88,54.48,53.536,125477.45,188216.175,True,False,False,False,False,True,False,True,False,False,False,False,False,False,True,54.09,53.823571428571434,54.62285714285715,0,HOLD,
2025-07-10 10:40:00-04:00,53.17,136032,38.32487309644667,31.234529029929245,0.634285714285715,52.88,54.48,53.45400000000001,128601.15,192901.72499999998,True,False,False,False,False,True,False,True,False,False,False,False,False,False,True,54.09,53.823571428571434,54.62285714285715,0,HOLD,
2025-07-10 10:45:00-04:00,53.54,111284,46.650124069478856,31.3518278369891,0.620000000000001,52.88,54.48,53.47800000000001,129938.85,194908.27500000002,True,False,False,False,False,True,False,True,False,False,False,False,True,False,True,54.09,53.823571428571434,54.62285714285715,0,HOLD,
2025-07-10 10:50:00-04:00,53.61,124796,48.507462686567195,30.306950812065196,0.6107142857142865,52.88,54.48,53.492,133205.65,199808.47499999998,True,False,False,False,False,True,False,True,False,False,False,False,True,False,True,54.09,53.823571428571434,54.62285714285715,0,HOLD,
2025-07-10 10:55:00-04:00,53.57,65629,43.1266846361186,30.394915863950636,0.6000000000000004,52.88,54.48,53.462,131350.6,197025.90000000002,True,False,False,False,False,True,False,True,False,False,False,False,True,False,True,54.09,53.823571428571434,54.62285714285715,0,HOLD,
2025-07-10 11:00:00-04:00,53.51,50063,49.38271604938273,30.1344912446267,0.5771428571428581,52.88,54.48,53.48,129785.0,194677.5,True,False,False,False,False,True,False,True,False,False,False,False,True,False,True,54.09,53.823571428571434,54.62285714285715,0,HOLD,
2025-07-10 11:05:00-04:00,53.36,41791,54.23728813559324,29.127580144943114,0.5392857142857156,52.88,54.48,53.517999999999994,118513.0,177769.5,True,False,False,False,True,False,False,True,False,False,False,False,False,False,True,54.09,53.823571428571434,54.62285714285715,0,HOLD,
2025-07-10 11:10:00-04:00,53.41,68726,49.05660377358482,28.27627458641727,0.5021428571428582,52.88,54.48,53.492000000000004,106183.7,159275.55,True,False,False,False,False,True,False,True,False,False,False,False,False,False,True,54.09,53.823571428571434,54.62285714285715,0,HOLD,
2025-07-10 11:15:00-04:00,53.66,77397,50.36764705882346,26.476320907167697,0.5071428571428582,52.88,54.26,53.501999999999995,104712.05,157068.075,True,False,False,False,True,False,False,True,False,False,False,False,True,False,True,54.09,53.823571428571434,54.62285714285715,0,HOLD,
2025-07-10 11:20:00-04:00,53.45,53194,53.93700787401584,25.25570906394436,0.48571428571428654,52.88,54.2,53.477999999999994,102657.1,153985.65000000002,True,False,False,False,True,False,False,True,False,False,False,False,False,False,True,54.09,53.823571428571434,54.62285714285715,0,HOLD,
2025-07-10 11:25:00-04:00,53.77,65172,53.75494071146258,24.44840758595501,0.47428571428571537,52.88,54.2,53.529999999999994,98190.25,147285.375,True,False,False,False,True,False,False,True,False,False,False,False,True,False,True,54.09,53.823571428571434,54.62285714285715,0,HOLD,
2025-07-10 11:30:00-04:00,53.97,137968,60.7003891050584,24.300494356788423,0.4807142857142865,52.88,54.11,53.652,99238.3,148857.45,True,False,False,False,True,False,False,True,False,False,False,False,True,False,True,54.09,53.823571428571434,54.62285714285715,0,HOLD,
2025-07-10 11:35:00-04:00,54.15,61184,61.59695817490502,24.891584586714817,0.4614285714285725,52.88,54.2,53.8,94388.1,141582.15000000002,True,False,False,False,True,False,False,True,False,False,False,False,True,False,True,54.09,53.823571428571434,54.62285714285715,0,HOLD,
2025-07-10 11:40:00-04:00,54.55,180698,64.561403508772,25.231062028714042,0.4478571428571441,52.91,54.2,53.977999999999994,96164.0,144246.0,True,False,True,False,True,False,True,True,False,True,False,False,True,False,True,54.09,53.823571428571434,54.62285714285715,0,BUY,Breakout > $54.20 | ADX=25.2 | RSI=64.6 | Vol spike 1.5x | SPY bullish | SL=$54.10 | TP=$55.45
2025-07-10 11:45:00-04:00,54.88,166621,75.34722222222234,27.38488726842127,0.44357142857142967,52.91,54.56,54.263999999999996,99100.9,148651.34999999998,True,False,True,False,True,False,True,True,False,True,False,False,True,True,True,54.55,54.10214285714285,55.44571428571429,1,HOLD,
2025-07-10 11:50:00-04:00,55.39,578536,85.35031847133772,30.989871840696676,0.447142857142858,52.91,54.94,54.588,123327.35,184991.02500000002,True,False,True,False,True,False,True,True,False,True,False,False,True,True,True,54.55,54.10214285714285,55.44571428571429,1,HOLD,
2025-07-10 11:55:00-04:00,55.26,493079,79.65517241379317,34.453965244016885,0.4642857142857153,52.91,55.49,54.84599999999999,144979.8,217469.69999999998,True,False,False,False,True,False,True,True,False,False,False,False,True,True,True,54.55,54.10214285714285,55.44571428571429,1,HOLD,
2025-07-10 12:00:00-04:00,55.35,189589,79.7945205479453,37.50458413785751,0.4642857142857153,52.91,55.75,55.086,151897.1,227845.65000000002,True,False,False,False,True,False,False,True,False,False,False,False,True,True,True,54.55,54.10214285714285,55.44571428571429,1,HOLD,
2025-07-10 12:05:00-04:00,55.4,146729,81.22866894197958,40.402334535224604,0.4621428571428581,52.91,55.75,55.25599999999999,152946.95,229420.42500000002,True,False,False,False,True,False,False,True,False,False,False,False,True,True,True,54.55,54.10214285714285,55.44571428571429,1,HOLD,
2025-07-10 12:10:00-04:00,55.32,173820,80.67796610169508,43.10344076714988,0.4642857142857148,52.91,55.75,55.34400000000001,151816.1,227724.15000000002,True,False,False,False,True,False,False,True,False,False,False,True,False,True,True,54.55,54.10214285714285,55.44571428571429,1,SELL,Price $55.32 < 5-SMA $55.34
2025-07-10 12:15:00-04:00,55.21,82042,81.78694158075615,46.09115977301882,0.46499999999999986,52.91,55.75,55.30799999999999,150217.5,225326.25,True,False,False,False,True,False,False,True,False,False,False,False,False,False,True,54.55,54.10214285714285,55.44571428571429,0,HOLD,
2025-07-10 12:20:00-04:00,55.41,62226,82.67973856209163,49.01541384091388,0.4692857142857143,52.91,55.75,55.338,146527.2,219790.80000000002,True,False,False,False,True,False,False,True,False,False,False,False,True,False,True,54.55,54.10214285714285,55.44571428571429,0,HOLD,
2025-07-10 12:25:00-04:00,55.44,100255,81.33802816901422,51.59690213799148,0.4450000000000003,53.08,55.75,55.355999999999995,145975.75,218963.625,True,False,False,False,True,False,False,True,False,False,False,False,True,False,True,54.55,54.10214285714285,55.44571428571429,0,HOLD,
2025-07-10 12:30:00-04:00,55.35,51650,84.92647058823538,53.69112559487434,0.4421428571428575,53.19,55.75,55.346000000000004,142318.45,213477.67500000002,True,False,False,False,True,False,False,True,False,False,False,False,True,False,True,54.55,54.10214285714285,55.44571428571429,0,HOLD,
2025-07-10 12:35:00-04:00,54.94,117862,70.81850533807824,53.83007116926647,0.44285714285714306,53.19,55.75,55.27,144930.1,217395.15000000002,True,False,False,False,True,False,False,True,False,False,False,False,False,False,True,54.55,54.10214285714285,55.44571428571429,0,HOLD,
2025-07-10 12:40:00-04:00,55.09,68684,70.28985507246381,53.59987233213267,0.4214285714285713,53.19,55.75,55.246,145861.15,218791.72499999998,True,False,False,False,True,False,False,True,False,False,False,False,False,False,True,54.55,54.10214285714285,55.44571428571429,0,HOLD,
2025-07-10 12:45:00-04:00,54.73,123354,59.86394557823123,52.3615768986758,0.42714285714285744,53.19,55.75,55.11,149939.3,224908.94999999998,True,False,False,False,True,False,False,True,False,False,False,False,False,False,True,54.55,54.10214285714285,55.44571428571429,0,HOLD,
2025-07-10 12:50:00-04:00,54.82,58614,55.133079847908775,50.47556760652115,0.4107142857142857,53.19,55.75,54.986000000000004,149433.7,224150.55000000002,True,False,False,False,True,False,False,True,False,False,False,False,False,False,True,54.55,54.10214285714285,55.44571428571429,0,HOLD,
2025-07-10 12:55:00-04:00,54.91,54713,50.627615062761386,48.066342169144924,0.3942857142857145,53.35,55.75,54.898,148299.5,222449.25,True,False,False,False,True,False,False,True,False,False,False,False,True,False,True,54.55,54.10214285714285,55.44571428571429,0,HOLD,
2025-07-10 13:00:00-04:00,54.63,65818,32.40740740740749,46.30650140196109,0.37642857142857167,53.35,55.75,54.836,148930.7,223396.05000000002,True,False,False,False,False,True,False,True,False,False,False,False,False,False,True,54.55,54.10214285714285,55.44571428571429,0,HOLD,
2025-07-10 13:05:00-04:00,54.68,31634,36.05769230769234,46.21078294132242,0.33285714285714263,53.43,55.75,54.754,147253.8,220880.69999999998,True,False,False,False,False,True,False,True,False,False,False,False,False,False,True,54.55,54.10214285714285,55.44571428571429,0,HOLD,
2025-07-10 13:10:00-04:00,54.72,42390,34.48275862068955,45.14489441396239,0.32428571428571373,53.7,55.75,54.751999999999995,142474.9,213712.34999999998,True,False,False,False,False,True,False,True,False,False,False,False,False,False,True,54.55,54.10214285714285,55.44571428571429,0,HOLD,
2025-07-10 13:15:00-04:00,54.57,42943,30.516431924882625,45.576721683713345,0.3185714285714281,53.83,55.75,54.702,141562.85,212344.27500000002,True,False,False,False,False,True,False,True,False,False,False,False,False,False,True,54.55,54.10214285714285,55.44571428571429,0,HOLD,
2025-07-10 13:20:00-04:00,54.52,36069,30.952380952380963,46.1673954096019,0.30928571428571416,54.12,55.75,54.624,134331.4,201497.09999999998,True,False,False,False,False,True,False,True,False,False,False,False,False,False,True,54.55,54.10214285714285,55.44571428571429,0,HOLD,
2025-07-10 13:25:00-04:00,54.63,42492,36.1904761904762,46.508538325088516,0.3050000000000002,54.42,55.75,54.624,128124.95,192187.425,True,False,False,False,False,True,False,True,False,False,False,False,True,False,True,54.55,54.10214285714285,55.44571428571429,0,HOLD,
2025-07-10 13:30:00-04:00,54.84,55563,36.49289099526082,45.83956109778626,0.2964285714285713,54.37,55.75,54.65599999999999,101976.3,152964.45,True,False,False,False,False,True,False,True,False,False,False,False,True,False,True,54.55,54.10214285714285,55.44571428571429,0,HOLD,
2025-07-10 13:35:00-04:00,55.11,76555,42.978723404255334,44.08045824881015,0.30571428571428527,54.37,55.75,54.734,81150.1,121725.15000000001,True,False,False,False,False,True,False,True,False,False,False,False,True,False,True,54.55,54.10214285714285,55.44571428571429,0,HOLD,
2025-07-10 13:40:00-04:00,55.17,46000,46.12068965517242,41.52418858295438,0.2999999999999997,54.37,55.55,54.854000000000006,73970.65,110955.97499999999,True,False,False,False,False,True,False,True,False,False,False,False,True,False,True,54.55,54.10214285714285,55.44571428571429,0,HOLD,
2025-07-10 13:45:00-04:00,54.91,47950,49.30875576036864,38.633363082668176,0.2842857142857141,54.37,55.55,54.931999999999995,69031.7,103547.54999999999,True,False,False,False,False,True,False,True,False,False,False,False,False,False,True,54.55,54.10214285714285,55.44571428571429,0,HOLD,
2025-07-10 13:50:00-04:00,54.79,28912,42.99065420560735,36.7997630741178,0.2914285714285713,54.37,55.55,54.964,61786.3,92679.45000000001,True,False,False,False,False,True,False,True,False,False,False,False,False,False,True,54.55,54.10214285714285,55.44571428571429,0,HOLD,
2025-07-10 13:55:00-04:00,54.86,25434,53.513513513513615,34.24639653874847,0.2721428571428563,54.37,55.53,54.967999999999996,58955.9,88433.85,True,False,False,False,True,False,False,True,False,False,False,False,False,False,True,54.55,54.10214285714285,55.44571428571429,0,HOLD,
2025-07-10 14:00:00-04:00,55.03,47165,55.44041450777208,32.2856622506132,0.27785714285714186,54.37,55.53,54.952,58202.85,87304.275,True,False,False,False,True,False,False,True,False,False,False,False,True,False,True,54.55,54.10214285714285,55.44571428571429,0,HOLD,
2025-07-10 14:05:00-04:00,55.28,71676,58.851674641148485,30.916841514548064,0.28142857142857025,54.37,55.53,54.974000000000004,56773.9,85160.85,True,False,False,False,True,False,False,True,False,False,False,False,True,False,True,54.55,54.10214285714285,55.44571428571429,0,HOLD,
2025-07-10 14:10:00-04:00,55.14,53618,63.07692307692305,30.494209977794632,0.2657142857142846,54.37,55.51,55.02,56872.3,85308.45000000001,True,False,False,False,True,False,False,True,False,False,False,False,True,False,True,54.55,54.10214285714285,55.44571428571429,0,HOLD,
2025-07-10 14:15:00-04:00,55.23,45046,63.8190954773869,30.307810363996108,0.27571428571428463,54.37,55.37,55.108000000000004,53231.5,79847.25,True,False,False,False,True,False,False,True,False,False,False,False,True,False,True,54.55,54.10214285714285,55.44571428571429,0,HOLD,
2025-07-10 14:20:00-04:00,55.25,44529,63.451776649746236,29.874568498169538,0.2771428571428558,54.37,55.39,55.18599999999999,52023.75,78035.625,True,False,False,False,True,False,False,True,False,False,False,False,True,False,True,54.55,54.10214285714285,55.44571428571429,0,HOLD,
2025-07-10 14:25:00-04:00,55.49,72913,72.33009708737865,30.704196584166517,0.27571428571428414,54.37,55.44,55.278,49501.7,74252.54999999999,True,False,True,False,True,False,False,True,False,False,False,False,True,False,True,54.55,54.10214285714285,55.44571428571429,0,HOLD,
2025-07-10 14:30:00-04:00,55.51,160584,74.38423645320184,31.883048387255396,0.2771428571428553,54.37,55.54,55.324,54600.2,81900.29999999999,True,False,False,False,True,False,True,True,False,False,False,False,True,False,True,54.55,54.10214285714285,55.44571428571429,0,HOLD,
2025-07-10 14:35:00-04:00,55.4,49970,68.9655172413792,32.81997350245145,0.2735714285714269,54.37,55.66,55.376,54363.05,81544.57500000001,True,False,False,False,True,False,False,True,False,False,False,False,True,False,True,54.55,54.10214285714285,55.44571428571429,0,HOLD,
2025-07-10 14:40:00-04:00,55.56,73818,68.18181818181812,33.37144257660066,0.2792857142857125,54.37,55.66,55.44200000000001,54763.05,82144.57500000001,True,False,False,False,True,False,False,True,False,False,False,False,True,False,True,54.55,54.10214285714285,55.44571428571429,0,HOLD,
2025-07-10 14:45:00-04:00,55.71,193637,66.1290322580645,33.45375450140127,0.2742857142857125,54.37,55.66,55.534000000000006,62863.2,94294.79999999999,True,False,True,False,True,False,True,True,False,True,False,False,True,False,True,54.55,54.10214285714285,55.44571428571429,0,BUY,Breakout > $55.66 | ADX=33.5 | RSI=66.1 | Vol spike 1.5x | SPY bullish | SL=$55.44 | TP=$56.26
2025-07-10 14:50:00-04:00,55.76,94045,65.94594594594584,33.26545847007925,0.27285714285714135,54.37,55.78,55.588,65445.95,98168.92499999999,True,False,False,False,True,False,False,True,False,False,False,False,True,True,True,55.71,55.43571428571429,56.25857142857143,1,HOLD,
2025-07-10 14:55:00-04:00,55.73,82777,75.30864197530869,34.51254269944213,0.2649999999999985,54.37,55.85,55.632000000000005,67437.65,101156.47499999999,True,False,False,False,True,False,False,True,False,False,False,False,True,True,True,55.71,55.43571428571429,56.25857142857143,1,HOLD,
2025-07-10 15:00:00-04:00,55.72,68889,80.794701986755,38.05241796806609,0.25357142857142734,54.37,55.85,55.696000000000005,69078.65,103617.97499999999,True,False,False,False,True,False,False,True,False,False,False,False,True,True,True,55.71,55.43571428571429,56.25857142857143,1,HOLD,
2025-07-10 15:05:00-04:00,55.78,67067,80.66666666666673,41.47278097034711,0.2607142857142846,54.37,55.85,55.739999999999995,70307.4,105461.09999999999,True,False,False,False,True,False,False,True,False,False,False,False,True,True,True,55.71,55.43571428571429,56.25857142857143,1,HOLD,
2025-07-10 15:10:00-04:00,55.87,75443,79.57746478873239,44.51549636247785,0.254999999999999,54.61,55.94,55.77199999999999,71301.4,106952.09999999999,True,False,False,False,True,False,False,True,False,False,False,False,True,True,True,55.71,55.43571428571429,56.25857142857143,1,HOLD,
2025-07-10 15:15:00-04:00,56.09,231300,79.13669064748208,47.242411457465735,0.2549999999999995,54.64,55.95,55.838,79038.65,118557.97499999999,True,False,True,False,True,False,True,True,False,True,False,False,True,True,True,55.71,55.43571428571429,56.25857142857143,1,HOLD,
2025-07-10 15:20:00-04:00,56.21,146512,89.05109489051104,49.92122226135139,0.2564285714285712,54.64,56.13,55.934000000000005,84064.25,126096.375,True,False,True,False,True,False,True,True,False,True,False,False,True,True,True,55.71,55.43571428571429,56.25857142857143,1,HOLD,
2025-07-10 15:25:00-04:00,55.89,183148,70.6250000000001,49.821807225876746,0.2835714285714285,54.64,56.27,55.968,90824.15,136236.22499999998,True,False,False,False,True,False,True,True,False,False,False,True,False,True,True,55.71,55.43571428571429,56.25857142857143,1,SELL,Price $55.89 < 5-SMA $55.97
2025-07-10 15:30:00-04:00,55.78,124028,65.68047337278112,48.91616793423251,0.28142857142857175,54.64,56.42,55.968,95579.95,143369.925,True,False,False,False,True,False,False,True,False,False,False,False,False,False,True,55.71,55.43571428571429,56.25857142857143,0,HOLD,
2025-07-10 15:35:00-04:00,55.69,59764,56.49350649350636,47.72984824662251,0.274285714285715,54.78,56.42,55.931999999999995,97296.45,145944.675,True,False,False,False,True,False,False,True,False,False,False,False,False,False,True,55.71,55.43571428571429,56.25857142857143,0,HOLD,
2025-07-10 15:40:00-04:00,55.45,96634,48.29545454545468,44.783060524998454,0.27857142857142947,54.81,56.42,55.803999999999995,99769.9,149654.84999999998,True,False,False,False,False,True,False,True,False,False,False,False,False,False,True,55.71,55.43571428571429,56.25857142857143,0,HOLD,
2025-07-10 15:45:00-04:00,55.22,145520,45.21276595744683,42.35879716563967,0.29000000000000065,55.04,56.42,55.605999999999995,103462.1,155193.15000000002,True,False,False,False,False,True,False,True,False,False,False,False,False,False,True,55.71,55.43571428571429,56.25857142857143,0,HOLD,
2025-07-10 15:50:00-04:00,55.12,161270,37.912087912087785,41.118883082379675,0.29214285714285787,55.06,56.42,55.452,108844.7,163267.05,True,False,False,False,False,True,False,True,False,False,False,False,False,False,True,55.71,55.43571428571429,56.25857142857143,0,HOLD,
2025-07-10 15:55:00-04:00,55.47,218211,44.05940594059402,38.89952335434912,0.30785714285714355,54.87,56.42,55.39000000000001,117502.95,176254.425,True,False,False,False,False,True,True,True,False,False,False,False,True,False,True,55.71,55.43571428571429,56.25857142857143,0,HOLD,
2025-07-11 09:30:00-04:00,54.3,293912,26.751592356687937,39.29305352095995,0.39857142857142897,54.87,56.42,55.112,129972.1,194958.15000000002,True,False,False,True,False,True,True,True,False,False,False,False,False,False,True,55.71,55.43571428571429,56.25857142857143,0,HOLD,
2025-07-11 09:35:00-04:00,54.57,140539,32.84023668639064,39.658474389955714,0.42857142857142855,54.0,56.42,54.936,133353.4,200030.09999999998,True,False,False,False,False,True,False,True,False,False,False,False,False,False,True,55.71,55.43571428571429,56.25857142857143,0,HOLD,
2025-07-11 09:40:00-04:00,54.66,167756,34.6820809248555,40.06022756695348,0.4557142857142854,54.0,56.42,54.824,133712.0,200568.0,True,False,False,False,False,True,False,True,False,False,False,False,False,False,True,55.71,55.43571428571429,56.25857142857143,0,HOLD,
2025-07-11 09:45:00-04:00,54.72,202282,34.6820809248555,39.965835507795255,0.49285714285714277,54.0,56.42,54.74400000000001,141327.6,211991.40000000002,True,False,False,False,False,True,False,True,False,False,False,False,False,False,True,55.71,55.43571428571429,56.25857142857143,0,HOLD,
2025-07-11 09:50:00-04:00,54.62,93323,31.988472622478454,39.90803486481159,0.49928571428571394,54.0,56.42,54.574,142302.85,213454.27500000002,True,False,False,False,False,True,False,True,False,False,False,False,True,False,True,55.71,55.43571428571429,56.25857142857143,0,HOLD,
2025-07-11 09:55:00-04:00,55.01,146493,35.164835164835125,39.263045729384935,0.5178571428571423,54.0,56.42,54.715999999999994,139945.65,209918.47499999998,True,False,False,False,False,True,False,True,False,False,False,False,True,False,True,55.71,55.43571428571429,56.25857142857143,0,HOLD,
2025-07-11 10:00:00-04:00,55.76,264783,44.73067915690865,36.84993189548561,0.5785714285714282,54.0,56.42,54.95399999999999,148482.55,222723.82499999998,True,False,False,False,False,True,True,True,False,False,False,False,True,False,True,55.71,55.43571428571429,56.25857142857143,0,HOLD,
2025-07-11 10:05:00-04:00,55.9,192309,50.12224938875303,34.252467966751205,0.5678571428571421,54.0,56.42,55.202,153959.15,230938.72499999998,True,False,False,False,True,False,False,True,False,False,False,False,True,False,True,55.71,55.43571428571429,56.25857142857143,0,HOLD,
2025-07-11 10:10:00-04:00,56.26,210341,55.52995391705064,32.51193864564501,0.5871428571428561,54.0,56.42,55.510000000000005,161031.75,241547.625,True,False,False,False,True,False,False,True,False,False,False,False,True,False,True,55.71,55.43571428571429,56.25857142857143,0,HOLD,
2025-07-11 10:15:00-04:00,56.96,510610,62.82828282828284,31.95823422634408,0.6449999999999986,54.0,56.42,55.977999999999994,183208.9,274813.35,True,False,True,False,True,False,True,True,False,True,False,False,True,False,True,55.71,55.43571428571429,56.25857142857143,0,BUY,Breakout > $56.42 | ADX=32.0 | RSI=62.8 | Vol spike 1.5x | SPY bullish | SL=$56.32 | TP=$58.25
2025-07-11 10:20:00-04:00,57.1,363426,67.01030927835045,31.954547123461797,0.6814285714285698,54.0,57.16,56.396,197608.05,296412.07499999995,True,False,False,False,True,False,True,True,False,False,False,False,True,True,True,56.96,56.315000000000005,58.25,1,HOLD,
2025-07-11 10:25:00-04:00,57.06,436032,69.74248927038626,32.92388603098551,0.70642857142857,54.0,57.3,56.65599999999999,207844.65,311766.975,True,False,False,False,True,False,True,True,False,False,False,False,True,True,True,56.96,56.315000000000005,58.25,1,HOLD,
2025-07-11 10:30:00-04:00,56.26,300125,60.63432835820893,32.67302022204958,0.7557142857142841,54.0,57.65,56.727999999999994,215525.3,323287.94999999995,True,False,False,False,True,False,False,True,False,False,False,True,False,True,True,56.96,56.315000000000005,58.25,1,SELL,Stop loss hit at $56.26 (SL: $56.32)
2025-07-11 10:35:00-04:00,56.44,134773,59.34489402697491,32.07525214628962,0.7471428571428557,54.0,57.65,56.763999999999996,213106.55,319659.82499999995,True,False,False,False,True,False,False,True,False,False,False,False,False,False,True,56.96,56.315000000000005,58.25,0,HOLD,
2025-07-11 10:40:00-04:00,56.59,131296,77.45803357314145,33.994191089482754,0.6785714285714276,54.0,57.65,56.69,213469.95,320204.92500000005,True,False,False,False,True,False,False,True,False,False,False,False,False,False,True,56.96,56.315000000000005,58.25,0,HOLD,
2025-07-11 10:45:00-04:00,56.58,123497,75.703324808184,35.814400596163026,0.6664285714285703,54.0,57.65,56.586,216656.6,324984.9,True,False,False,False,True,False,False,True,False,False,False,False,False,False,True,56.96,56.315000000000005,58.25,0,HOLD,
2025-07-11 10:50:00-04:00,56.38,148424,71.39303482587063,37.120890779143856,0.6764285714285708,54.0,57.65,56.45,219246.1,328869.15,True,False,False,False,True,False,False,True,False,False,False,False,False,False,True,56.96,56.315000000000005,58.25,0,HOLD,
2025-07-11 10:55:00-04:00,56.55,113214,72.15496368038734,37.92256792784266,0.6514285714285707,54.0,57.65,56.508,217630.8,326446.19999999995,True,False,False,False,True,False,False,True,False,False,False,False,True,False,True,56.96,56.315000000000005,58.25,0,HOLD,
2025-07-11 11:00:00-04:00,56.55,116039,73.94540942928035,38.800439215671524,0.6614285714285708,54.0,57.65,56.53000000000001,215369.25,323053.875,True,False,False,False,True,False,False,True,False,False,False,False,True,False,True,56.96,56.315000000000005,58.25,0,HOLD,
2025-07-11 11:05:00-04:00,56.27,80143,66.07142857142864,39.03479698339505,0.6464285714285707,54.0,57.65,56.465999999999994,208465.85,312698.775,True,False,False,False,True,False,False,True,False,False,False,False,False,False,True,56.96,56.315000000000005,58.25,0,HOLD,
2025-07-11 11:10:00-04:00,55.19,312390,43.29411764705883,36.741340550753044,0.6714285714285703,54.0,57.65,56.18800000000001,209389.75,314084.625,True,False,False,False,False,True,False,True,False,False,False,False,False,False,True,56.96,56.315000000000005,58.25,0,HOLD,
2025-07-11 11:15:00-04:00,55.09,194863,40.3800475059383,34.611702434728336,0.663571428571428,54.14,57.65,55.92999999999999,212105.95,318158.92500000005,True,False,False,False,False,True,False,True,False,False,False,False,False,False,True,56.96,56.315000000000005,58.25,0,HOLD,
2025-07-11 11:20:00-04:00,55.45,160664,40.3800475059383,33.1082392887338,0.654285714285714,54.14,57.65,55.71,211751.35,317627.025,True,False,False,False,False,True,False,True,False,False,False,False,False,False,True,56.96,56.315000000000005,58.25,0,HOLD,
2025-07-11 11:25:00-04:00,55.52,93917,29.8882681564246,33.37494400119269,0.6042857142857139,54.18,57.65,55.504,206333.1,309499.65,True,False,False,False,False,True,False,True,False,False,False,False,True,False,True,56.96,56.315000000000005,58.25,0,HOLD,
2025-07-11 11:30:00-04:00,56.16,136864,38.480392156862656,32.35074404241561,0.6071428571428567,54.42,57.65,55.482000000000006,208510.15,312765.225,True,False,False,False,False,True,False,True,False,False,False,False,True,False,True,56.96,56.315000000000005,58.25,0,HOLD,
2025-07-11 11:35:00-04:00,56.07,175357,38.01452784503626,31.830211692188836,0.5849999999999999,54.51,57.65,55.658,209953.35,314930.025,True,False,False,False,False,True,False,True,False,False,False,False,True,False,True,56.96,56.315000000000005,58.25,0,HOLD,
2025-07-11 11:40:00-04:00,55.48,153310,40.051020408163225,30.92274536132603,0.5650000000000003,54.98,57.65,55.736000000000004,204379.7,306569.55000000005,True,False,False,False,False,True,False,True,False,False,False,False,False,False,True,56.96,56.315000000000005,58.25,0,HOLD,
2025-07-11 11:45:00-04:00,55.34,200613,35.82474226804125,30.649234696882278,0.5728571428571431,55.01,57.65,55.714,204794.9,307192.35,True,False,False,False,False,True,False,True,False,False,False,False,False,False,True,56.96,56.315000000000005,58.25,0,HOLD,
2025-07-11 11:50:00-04:00,54.9,198310,29.736211031174903,31.487772131547946,0.6092857142857143,55.01,57.65,55.589999999999996,204193.35,306290.025,True,False,False,True,False,True,False,True,False,False,False,False,False,False,True,56.96,56.315000000000005,58.25,0,HOLD,
2025-07-11 11:55:00-04:00,54.26,316051,25.833333333333215,32.69181489793218,0.6350000000000006,54.57,57.65,55.21,194465.4,291698.1,True,False,False,True,False,True,True,True,False,False,False,False,False,False,True,56.96,56.315000000000005,58.25,0,HOLD,
2025-07-11 12:00:00-04:00,54.45,158502,29.853862212943568,33.63049478617511,0.6292857142857144,54.25,57.65,54.886,184219.2,276328.80000000005,True,False,False,False,False,True,False,True,False,False,False,False,False,False,True,56.96,56.315000000000005,58.25,0,HOLD,
2025-07-11 12:05:00-04:00,54.14,135583,25.5578093306288,34.589661124977724,0.6314285714285717,54.24,57.65,54.617999999999995,169196.75,253795.125,True,False,False,True,False,True,False,True,False,False,False,False,False,False,True,56.96,56.315000000000005,58.25,0,HOLD,
2025-07-11 12:10:00-04:00,54.14,212215,25.5578093306288,36.01507494072607,0.6314285714285722,54.06,57.08,54.378,164801.25,247201.875,True,False,False,False,False,True,False,False,True,False,False,False,False,False,True,56.96,56.315000000000005,58.25,0,HOLD,
2025-07-11 12:15:00-04:00,54.1,87612,26.865671641791025,37.255423400670885,0.6178571428571432,53.91,56.89,54.218,162443.2,243664.80000000002,True,False,False,False,False,True,False,False,True,False,False,False,False,False,True,56.96,56.315000000000005,58.25,0,HOLD,
2025-07-11 12:20:00-04:00,54.19,86801,36.48648648648644,36.43350051448096,0.5457142857142863,53.91,56.89,54.20399999999999,160218.45,240327.67500000002,True,False,False,False,False,True,False,False,True,False,False,False,False,False,True,56.96,56.315000000000005,58.25,0,HOLD,
2025-07-11 12:25:00-04:00,55.02,169240,49.2099322799097,34.20704747021353,0.5828571428571431,53.91,56.89,54.318,162505.6,243758.40000000002,True,False,False,False,False,True,False,False,True,False,False,False,True,False,True,56.96,56.315000000000005,58.25,0,HOLD,
2025-07-11 12:30:00-04:00,55.25,138668,47.67441860465112,31.864290558357236,0.5899999999999999,53.91,56.89,54.540000000000006,162017.8,243026.69999999998,True,False,False,False,False,True,False,False,True,False,False,False,True,False,True,56.96,56.315000000000005,58.25,0,HOLD,
2025-07-11 12:35:00-04:00,54.86,65883,42.85714285714281,29.80883308888516,0.5992857142857143,53.91,56.75,54.684000000000005,159651.25,239476.875,True,False,False,False,False,True,False,False,True,False,False,False,True,False,True,56.96,56.315000000000005,58.25,0,HOLD,
2025-07-11 12:40:00-04:00,54.25,162203,29.193899782135134,30.174504272898474,0.600714285714286,53.91,56.75,54.714,161959.45,242939.17500000002,True,False,False,False,False,True,False,False,True,False,False,False,False,False,True,56.96,56.315000000000005,58.25,0,HOLD,
2025-07-11 12:45:00-04:00,54.33,112199,31.004366812227076,31.01678445758524,0.596428571428571,53.91,56.59,54.742,163562.25,245343.375,True,False,False,False,False,True,False,False,True,False,False,False,False,False,True,56.96,56.315000000000005,58.25,0,HOLD,
2025-07-11 12:50:00-04:00,54.33,73171,35.58897243107772,30.872534851536273,0.5614285714285708,53.91,56.48,54.604,151601.3,227401.94999999998,True,False,False,False,False,True,False,False,True,False,False,False,False,False,True,56.96,56.315000000000005,58.25,0,HOLD,
2025-07-11 12:55:00-04:00,54.37,40103,37.53213367609249,30.121978193664923,0.5392857142857136,53.91,56.45,54.428,143863.3,215794.94999999998,True,False,False,False,False,True,False,False,True,False,False,False,False,False,True,56.96,56.315000000000005,58.25,0,HOLD,
2025-07-11 13:00:00-04:00,54.76,60676,48.17708333333333,28.24165606229102,0.5007142857142846,53.91,56.45,54.408,138863.9,208295.84999999998,True,False,False,False,False,True,False,False,True,False,False,False,True,False,True,56.96,56.315000000000005,58.25,0,HOLD,
2025-07-11 13:05:00-04:00,54.62,40575,55.38922155688621,27.33103475401872,0.46428571428571275,53.91,56.45,54.48199999999999,136196.8,204295.19999999998,True,False,False,False,True,False,False,False,True,False,False,False,True,False,True,56.96,56.315000000000005,58.25,0,HOLD,
2025-07-11 13:10:00-04:00,54.68,32544,53.582554517133914,26.342732963630315,0.4464285714285699,53.91,56.45,54.552,130980.8,196471.2,True,False,False,False,True,False,False,False,True,False,False,False,True,False,True,56.96,56.315000000000005,58.25,0,HOLD,
2025-07-11 13:15:00-04:00,54.57,73963,57.14285714285714,25.233309952714617,0.4499999999999983,53.91,56.45,54.6,125911.1,188866.65000000002,True,False,False,False,True,False,False,False,True,False,False,False,False,False,True,56.96,56.315000000000005,58.25,0,HOLD,
2025-07-11 13:20:00-04:00,54.52,26379,56.20915032679744,24.625643430926914,0.4307142857142838,53.91,56.2,54.629999999999995,119564.55,179346.825,True,False,False,False,True,False,False,False,True,False,False,False,False,False,True,56.96,56.315000000000005,58.25,0,HOLD,
2025-07-11 13:25:00-04:00,54.69,40956,59.24764890282129,24.381820415297938,0.43214285714285544,53.91,55.59,54.61600000000001,111581.7,167372.55,True,False,False,False,True,False,False,False,True,False,False,False,True,False,True,56.96,56.315000000000005,58.25,0,HOLD,
2025-07-11 13:30:00-04:00,54.99,149879,61.76470588235301,24.543530958853687,0.4364285714285699,53.91,55.59,54.69,109160.15,163740.22499999998,True,False,False,False,True,False,False,False,True,False,False,False,True,False,True,56.96,56.315000000000005,58.25,0,HOLD,
2025-07-11 13:35:00-04:00,54.5,89686,41.50326797385615,22.81658591652846,0.4107142857142842,53.91,55.44,54.653999999999996,97841.9,146762.84999999998,True,False,False,False,False,True,False,False,True,False,False,False,False,False,True,56.96,56.315000000000005,58.25,0,HOLD,
2025-07-11 13:40:00-04:00,54.93,82862,45.09202453987729,22.18214593888414,0.4078571428571414,53.91,55.44,54.726,94059.9,141089.84999999998,True,False,False,False,False,True,False,False,True,False,False,False,True,False,True,56.96,56.315000000000005,58.25,0,HOLD,
2025-07-11 13:45:00-04:00,55.47,139585,58.94428152492669,21.454849800392427,0.42499999999999866,53.91,55.44,54.91600000000001,94260.0,141390.0,True,False,True,False,True,False,False,False,True,False,False,False,True,False,True,56.96,56.315000000000005,58.25,0,HOLD,
2025-07-11 13:50:00-04:00,55.24,64570,66.3366336633664,22.992269343525496,0.38785714285714185,53.91,55.57,55.025999999999996,86877.75,130316.625,True,False,False,False,True,False,False,False,True,False,False,False,True,False,True,56.96,56.315000000000005,58.25,0,HOLD,
2025-07-11 13:55:00-04:00,55.77,105617,70.68965517241388,25.52363385820365,0.40285714285714186,54.01,55.57,55.182,87778.0,131667.0,True,False,True,False,True,False,False,False,True,False,False,False,True,False,True,56.96,56.315000000000005,58.25,0,HOLD,
2025-07-11 14:00:00-04:00,55.59,155238,67.21311475409844,27.942443809766008,0.4135714285714275,54.01,55.83,55.4,91199.85,136799.77500000002,True,False,False,False,True,False,True,False,True,False,False,False,True,False,True,56.96,56.315000000000005,58.25,0,HOLD,
2025-07-11 14:05:00-04:00,55.85,177753,69.07216494845369,29.648327646086155,0.44785714285714207,54.06,55.99,55.584,91625.5,137438.25,True,False,False,False,True,False,True,False,True,False,False,False,True,False,True,56.96,56.315000000000005,58.25,0,HOLD,
2025-07-11 14:10:00-04:00,55.55,102250,60.4221635883905,30.11535927336684,0.45928571428571324,54.06,56.1,55.6,89804.6,134706.90000000002,True,False,False,False,True,False,False,False,True,False,False,False,False,False,True,56.96,56.315000000000005,58.25,0,HOLD,
2025-07-11 14:15:00-04:00,55.32,73931,59.02061855670108,29.91231413046403,0.47357142857142775,54.06,56.1,55.616,90207.0,135310.5,True,False,False,False,True,False,False,False,True,False,False,False,False,False,True,56.96,56.315000000000005,58.25,0,HOLD,
2025-07-11 14:20:00-04:00,55.47,48951,59.94962216624686,29.926543418542963,0.47642857142857054,54.06,56.1,55.556,84544.4,126816.59999999999,True,False,False,False,True,False,False,False,True,False,False,False,False,False,True,56.96,56.315000000000005,58.25,0,HOLD,
2025-07-11 14:25:00-04:00,55.73,120605,64.07766990291262,31.38605547651962,0.4721428571428566,54.06,56.1,55.584,84964.7,127447.04999999999,True,False,False,False,True,False,False,False,True,False,False,False,True,False,True,56.96,56.315000000000005,58.25,0,HOLD,
2025-07-11 14:30:00-04:00,56.23,174620,68.70897155361047,33.20669437105395,0.5007142857142851,54.22,56.1,55.660000000000004,90037.15,135055.72499999998,True,False,True,False,True,False,True,False,True,False,False,False,True,False,True,56.96,56.315000000000005,58.25,0,HOLD,
2025-07-11 14:35:00-04:00,56.19,170283,66.8918918918919,34.935316730793495,0.5085714285714279,54.22,56.3,55.78799999999999,96546.15,144819.22499999998,True,False,False,False,True,False,True,False,True,False,False,False,True,False,True,56.96,56.315000000000005,58.25,0,HOLD,
2025-07-11 14:40:00-04:00,55.94,120444,60.82004555808653,34.86667689104818,0.5042857142857134,54.22,56.5,55.91199999999999,99534.55,149301.825,True,False,False,False,True,False,False,True,False,False,False,False,True,False,True,56.96,56.315000000000005,58.25,0,HOLD,
2025-07-11 14:45:00-04:00,56.04,129485,69.25000000000003,35.02256999367823,0.4885714285714278,54.22,56.5,56.025999999999996,103980.05,155970.075,True,False,False,False,True,False,False,True,False,False,False,False,True,False,True,56.96,56.315000000000005,58.25,0,HOLD,
2025-07-11 14:50:00-04:00,55.81,52516,61.57894736842111,35.2645718531648,0.4771428571428566,54.22,56.5,56.041999999999994,104978.65,157467.97499999998,True,False,False,False,True,False,False,True,False,False,False,False,False,False,True,56.96,56.315000000000005,58.25,0,HOLD,
2025-07-11 14:55:00-04:00,55.19,146877,46.39175257731957,32.77005221567643,0.4771428571428566,54.22,56.5,55.83399999999999,108624.35,162936.52500000002,True,False,False,False,False,True,False,True,False,False,False,False,False,False,True,56.96,56.315000000000005,58.25,0,HOLD,
2025-07-11 15:00:00-04:00,54.97,189683,46.5116279069767,31.17429476118244,0.4771428571428561,54.41,56.5,55.589999999999996,116789.55,175184.325,True,False,False,False,False,True,True,True,False,False,False,False,False,False,True,56.96,56.315000000000005,58.25,0,HOLD,
2025-07-11 15:05:00-04:00,55.03,122893,39.11764705882349,31.07474258276389,0.4721428571428566,54.46,56.5,55.407999999999994,120886.4,181329.59999999998,True,False,False,False,False,True,False,True,False,False,False,False,False,False,True,56.96,56.315000000000005,58.25,0,HOLD,
2025-07-11 15:10:00-04:00,55.51,112066,48.91891891891885,30.283689541137893,0.48357142857142826,54.46,56.5,55.302,118995.75,178493.625,True,False,False,False,False,True,False,True,False,False,False,False,True,False,True,56.96,56.315000000000005,58.25,0,HOLD,
2025-07-11 15:15:00-04:00,55.17,101024,41.005291005291,29.128972220972575,0.47142857142857103,54.46,56.5,55.174,119562.65,179343.97499999998,True,False,False,False,False,True,False,True,False,False,False,False,False,False,True,56.96,56.315000000000005,58.25,0,HOLD,
2025-07-11 15:20:00-04:00,54.99,121756,42.34972677595633,28.28264943788813,0.452142857142857,54.46,56.5,55.134,121507.35,182261.02500000002,True,False,False,False,False,True,False,True,False,False,False,False,False,False,True,56.96,56.315000000000005,58.25,0,HOLD,
2025-07-11 15:25:00-04:00,55.33,73744,50.13262599469493,26.72523685228444,0.44785714285714306,54.58,56.5,55.205999999999996,118215.3,177322.95,True,False,False,False,True,False,False,True,False,False,False,False,True,False,True,56.96,56.315000000000005,58.25,0,HOLD,
2025-07-11 15:30:00-04:00,55.44,82993,49.59785522788202,25.03038244886124,0.44928571428571473,54.58,56.5,55.288,119136.45,178704.675,True,False,False,False,False,True,False,True,False,False,False,False,True,False,True,56.96,56.315000000000005,58.25,0,HOLD,
2025-07-11 15:35:00-04:00,55.43,94281,45.68965517241382,24.13535513108544,0.4385714285714291,54.58,56.5,55.272000000000006,118569.65,177854.47499999998,True,False,False,False,False,True,False,True,False,False,False,False,True,False,True,56.96,56.315000000000005,58.25,0,HOLD,
2025-07-11 15:40:00-04:00,55.27,70650,34.71337579617838,24.452217519681366,0.4142857142857151,54.58,56.5,55.291999999999994,114340.25,171510.375,True,False,False,False,False,True,False,True,False,False,False,False,False,False,True,56.96,56.315000000000005,58.25,0,HOLD,
2025-07-11 15:45:00-04:00,55.73,204863,43.539325842696584,24.41523242752615,0.4285714285714291,54.58,56.5,55.44,115695.75,173543.625,True,False,False,False,False,True,True,True,False,False,False,False,True,False,True,56.96,56.315000000000005,58.25,0,HOLD,
2025-07-11 15:50:00-04:00,55.84,159383,48.53801169590651,23.270687853532007,0.42357142857142904,54.58,56.5,55.54200000000001,118552.4,177828.59999999998,True,False,False,False,False,True,False,True,False,False,False,False,True,False,True,56.96,56.315000000000005,58.25,0,HOLD,
2025-07-11 15:55:00-04:00,56.06,497198,50.282485875706264,21.731225368166804,0.422857142857143,54.58,56.5,55.66600000000001,139715.75,209573.625,True,False,False,False,True,False,True,True,False,False,False,False,True,False,True,56.96,56.315000000000005,58.25,0,HOLD,
