trade_number,timestamp,symbol,action,signal,quantity,price,commission,pnl,return_pct
1,2025-02-25T14:45:00-05:00,OKLO,BUY,Breakout > $31.62 | ADX=31.0 | RSI=80.5 | Vol spike 1.5x | SPY bullish | SL=$31.53 | TP=$32.36,3143,31.81,1.0,,
2,2025-02-25T14:55:00-05:00,OKLO,SELL,Price $31.58 < 5-SMA $31.63,3143,31.58,1.0,-723.8900000000014,-0.7240360380688798
3,2025-02-25T15:20:00-05:00,OKLO,BUY,Breakout > $32.14 | ADX=33.1 | RSI=82.1 | Vol spike 1.5x | SPY bullish | SL=$32.34 | TP=$33.39,3056,32.69,1.0,,
4,2025-02-25T15:30:00-05:00,OKLO,SELL,Stop loss hit at $32.17 (SL: $32.34),3056,32.17,1.0,-1590.1199999999878,-1.5916855819383826
5,2025-02-26T09:35:00-05:00,OKLO,BUY,Breakout > $34.68 | ADX=40.2 | RSI=81.8 | Vol spike 1.5x | SPY bullish | SL=$34.26 | TP=$36.05,2861,34.86,1.0,,
6,2025-02-26T10:00:00-05:00,OKLO,SELL,Take profit hit at $36.09 (TP: $36.05),2861,36.09,1.0,3518.0300000000116,3.5273612815341826
7,2025-03-04T14:00:00-05:00,OKLO,BUY,Breakout > $31.33 | ADX=51.7 | RSI=82.6 | Vol spike 1.5x | SPY bullish | SL=$31.31 | TP=$32.32,3163,31.65,1.0,,
8,2025-03-04T14:25:00-05:00,OKLO,SELL,Price $31.81 < 5-SMA $31.98,3163,31.81,1.0,505.08000000000044,0.5045252744607309
9,2025-03-17T09:30:00-04:00,OKLO,BUY,Breakout > $27.83 | ADX=52.0 | RSI=84.7 | Vol spike 1.5x | SPY bullish | SL=$28.10 | TP=$28.86,3533,28.35,1.0,,
10,2025-03-17T09:35:00-04:00,OKLO,SELL,Take profit hit at $29.02 (TP: $28.86),3533,29.02,1.0,2366.1099999999933,2.3622937145042116
11,2025-03-24T09:35:00-04:00,OKLO,BUY,Breakout > $30.15 | ADX=34.0 | RSI=82.6 | Vol spike 1.5x | SPY bullish | SL=$29.96 | TP=$31.27,3302,30.4,1.0,,
12,2025-03-24T09:55:00-04:00,OKLO,SELL,Price $30.02 < 5-SMA $30.38,3302,30.02,1.0,-1255.7599999999968,-1.2509837440651561
13,2025-03-26T09:35:00-04:00,OKLO,BUY,Breakout > $29.00 | ADX=33.7 | RSI=83.7 | Vol spike 1.5x | SPY bullish | SL=$29.36 | TP=$30.19,3383,29.64,1.0,,
14,2025-03-26T09:45:00-04:00,OKLO,SELL,Stop loss hit at $28.42 (SL: $29.36),3383,28.42,1.0,-4128.259999999997,-4.1170156069742285
15,2025-04-07T10:10:00-04:00,OKLO,BUY,Breakout > $21.73 | ADX=35.0 | RSI=80.2 | Vol spike 1.5x | SPY bullish | SL=$21.92 | TP=$24.09,4411,22.64,1.0,,
16,2025-04-07T10:20:00-04:00,OKLO,SELL,Stop loss hit at $21.22 (SL: $21.92),4411,21.22,1.0,-6264.620000000007,-6.273023342069043
17,2025-04-09T13:30:00-04:00,OKLO,BUY,Breakout > $22.80 | ADX=63.2 | RSI=82.4 | Vol spike 1.5x | SPY bullish | SL=$22.50 | TP=$23.86,4324,22.95,1.0,,
18,2025-04-09T13:55:00-04:00,OKLO,SELL,Take profit hit at $23.99 (TP: $23.86),4324,23.99,1.0,4495.959999999996,4.530537058833009
19,2025-04-22T09:30:00-04:00,OKLO,BUY,Breakout > $20.54 | ADX=34.9 | RSI=82.8 | Vol spike 1.5x | SPY bullish | SL=$20.63 | TP=$21.04,4799,20.77,1.0,,
20,2025-04-22T09:45:00-04:00,OKLO,SELL,Take profit hit at $21.40 (TP: $21.04),4799,21.4,1.0,3022.3699999999953,3.0321873128628516
21,2025-04-23T10:00:00-04:00,OKLO,BUY,Breakout > $23.30 | ADX=48.8 | RSI=83.7 | Vol spike 1.5x | SPY bullish | SL=$22.91 | TP=$24.10,4289,23.31,1.0,,
22,2025-04-23T10:40:00-04:00,OKLO,SELL,Price $23.70 < 5-SMA $23.75,4289,23.7,1.0,1671.7100000000025,1.6720847141844513
23,2025-04-28T15:25:00-04:00,OKLO,BUY,Breakout > $23.85 | ADX=55.0 | RSI=80.3 | Vol spike 1.5x | SPY bullish | SL=$23.83 | TP=$24.10,4187,23.92,1.0,,
24,2025-04-28T15:30:00-04:00,OKLO,SELL,Take profit hit at $24.15 (TP: $24.10),4187,24.15,1.0,962.0099999999869,0.9605303989734082
25,2025-04-28T15:45:00-04:00,OKLO,BUY,Breakout > $24.15 | ADX=60.3 | RSI=81.0 | Vol spike 1.5x | SPY bullish | SL=$24.09 | TP=$24.43,4142,24.2,1.0,,
26,2025-04-28T15:50:00-04:00,OKLO,SELL,Take profit hit at $24.49 (TP: $24.43),4142,24.49,1.0,1200.1799999999964,1.1973375207257935
27,2025-04-28T15:55:00-04:00,OKLO,BUY,Breakout > $24.49 | ADX=64.1 | RSI=86.9 | Vol spike 1.5x | SPY bullish | SL=$24.38 | TP=$24.79,4093,24.52,1.0,,
28,2025-04-29T09:30:00-04:00,OKLO,SELL,Stop loss hit at $24.06 (SL: $24.38),4093,24.06,1.0,-1883.7800000000034,-1.8769972826195296
29,2025-05-01T09:30:00-04:00,OKLO,BUY,Breakout > $23.81 | ADX=26.9 | RSI=90.9 | Vol spike 1.5x | SPY bullish | SL=$24.89 | TP=$25.60,3986,25.13,1.0,,
30,2025-05-01T09:35:00-04:00,OKLO,SELL,Stop loss hit at $24.60 (SL: $24.89),3986,24.6,1.0,-2113.5799999999904,-2.110010284600503
31,2025-05-01T09:50:00-04:00,OKLO,BUY,Breakout > $25.40 | ADX=42.1 | RSI=80.7 | Vol spike 1.5x | SPY bullish | SL=$25.12 | TP=$26.22,3922,25.49,1.0,,
32,2025-05-01T09:55:00-04:00,OKLO,SELL,Stop loss hit at $24.91 (SL: $25.12),3922,24.91,1.0,-2275.7599999999934,-2.276379630535425
33,2025-05-09T14:35:00-04:00,OKLO,BUY,Breakout > $26.98 | ADX=44.4 | RSI=85.1 | Vol spike 1.5x | SPY bullish | SL=$26.89 | TP=$27.22,3694,27.0,1.0,,
34,2025-05-09T15:00:00-04:00,OKLO,SELL,Price $26.98 < 5-SMA $27.00,3694,26.98,1.0,-74.87999999999843,-0.07507594822486532
35,2025-05-09T15:05:00-04:00,OKLO,BUY,Breakout > $27.09 | ADX=53.4 | RSI=90.7 | Vol spike 1.5x | SPY bullish | SL=$28.10 | TP=$28.67,3525,28.29,1.0,,
36,2025-05-09T15:10:00-04:00,OKLO,SELL,Stop loss hit at $28.09 (SL: $28.10),3525,28.09,1.0,-705.9999999999975,-0.707959277299925
37,2025-05-13T09:35:00-04:00,OKLO,BUY,Breakout > $30.33 | ADX=43.4 | RSI=94.2 | Vol spike 1.5x | SPY bullish | SL=$30.57 | TP=$31.57,3225,30.9,1.0,,
38,2025-05-13T09:55:00-04:00,OKLO,SELL,Price $30.72 < 5-SMA $30.82,3225,30.72,1.0,-581.4999999999991,-0.5835219033952637
39,2025-05-14T09:30:00-04:00,OKLO,BUY,Breakout > $32.50 | ADX=32.5 | RSI=87.8 | Vol spike 1.5x | SPY bullish | SL=$36.42 | TP=$38.19,2691,37.01,1.0,,
40,2025-05-14T09:45:00-04:00,OKLO,SELL,Take profit hit at $38.40 (TP: $38.19),2691,38.4,1.0,3739.4900000000016,3.754699913881143
41,2025-05-16T09:40:00-04:00,OKLO,BUY,Breakout > $38.83 | ADX=56.9 | RSI=85.5 | Vol spike 1.5x | SPY bullish | SL=$39.23 | TP=$40.94,2512,39.8,1.0,,
42,2025-05-16T09:45:00-04:00,OKLO,SELL,Stop loss hit at $39.21 (SL: $39.23),2512,39.21,1.0,-1483.0799999999908,-1.4833974470536604
43,2025-05-19T15:50:00-04:00,OKLO,BUY,Breakout > $39.32 | ADX=33.4 | RSI=80.9 | Vol spike 1.5x | SPY bullish | SL=$39.46 | TP=$40.23,2513,39.72,1.0,,
44,2025-05-20T09:30:00-04:00,OKLO,SELL,Stop loss hit at $38.38 (SL: $39.46),2513,38.38,1.0,-3368.4199999999905,-3.3745833390103592
45,2025-05-23T09:30:00-04:00,OKLO,BUY,Breakout > $40.43 | ADX=41.0 | RSI=86.7 | Vol spike 1.5x | SPY bullish | SL=$45.18 | TP=$47.40,2166,45.92,1.0,,
46,2025-05-23T09:50:00-04:00,OKLO,SELL,Take profit hit at $47.64 (TP: $47.40),2166,47.64,1.0,3724.5199999999977,3.744601549187983
47,2025-05-23T09:55:00-04:00,OKLO,BUY,Breakout > $48.11 | ADX=58.0 | RSI=89.1 | Vol spike 1.5x | SPY bullish | SL=$47.18 | TP=$50.99,2061,48.45,1.0,,
48,2025-05-23T10:15:00-04:00,OKLO,SELL,Price $49.38 < 5-SMA $49.53,2061,49.38,1.0,1915.7299999999993,1.9184839837586847
49,2025-05-30T15:50:00-04:00,OKLO,BUY,Breakout > $52.43 | ADX=32.3 | RSI=83.0 | Vol spike 1.5x | SPY bullish | SL=$52.58 | TP=$53.48,1892,52.88,1.0,,
50,2025-06-02T09:35:00-04:00,OKLO,SELL,Stop loss hit at $52.50 (SL: $52.58),1892,52.5,1.0,-719.9600000000048,-0.7196004875964016
51,2025-06-03T09:30:00-04:00,OKLO,BUY,Breakout > $53.15 | ADX=40.3 | RSI=89.4 | Vol spike 1.5x | SPY bullish | SL=$57.56 | TP=$59.81,1714,58.31,1.0,,
52,2025-06-03T09:35:00-04:00,OKLO,SELL,Stop loss hit at $54.95 (SL: $57.56),1714,54.95,1.0,-5760.039999999999,-5.763247823738691
53,2025-06-04T13:50:00-04:00,OKLO,BUY,Breakout > $48.73 | ADX=37.5 | RSI=83.1 | Vol spike 1.5x | SPY bullish | SL=$48.59 | TP=$49.43,2034,48.87,1.0,,
54,2025-06-04T14:05:00-04:00,OKLO,SELL,Price $48.85 < 5-SMA $48.90,2034,48.85,1.0,-41.67999999999191,-0.04193050120026252
55,2025-06-09T15:45:00-04:00,OKLO,BUY,Breakout > $54.35 | ADX=43.6 | RSI=85.0 | Vol spike 1.5x | SPY bullish | SL=$54.22 | TP=$55.15,1823,54.53,1.0,,
56,2025-06-10T09:35:00-04:00,OKLO,SELL,Take profit hit at $55.53 (TP: $55.15),1823,55.53,1.0,1822.0,1.8328285342632806
57,2025-06-11T09:30:00-04:00,OKLO,BUY,Breakout > $53.13 | ADX=37.4 | RSI=80.2 | Vol spike 1.5x | SPY bullish | SL=$54.39 | TP=$55.66,1817,54.81,1.0,,
58,2025-06-11T09:35:00-04:00,OKLO,SELL,Take profit hit at $55.93 (TP: $55.66),1817,55.93,1.0,2034.0399999999954,2.0423981057682306
59,2025-06-11T09:50:00-04:00,OKLO,BUY,Breakout > $56.44 | ADX=42.6 | RSI=82.7 | Vol spike 1.5x | SPY bullish | SL=$57.11 | TP=$59.66,1721,57.96,1.0,,
60,2025-06-11T10:00:00-04:00,OKLO,SELL,Take profit hit at $61.80 (TP: $59.66),1721,61.8,1.0,6607.639999999994,6.624189875986157
61,2025-06-11T10:05:00-04:00,OKLO,BUY,Breakout > $62.09 | ADX=49.6 | RSI=90.2 | Vol spike 1.5x | SPY bullish | SL=$61.07 | TP=$65.02,1610,62.39,1.0,,
62,2025-06-11T10:35:00-04:00,OKLO,SELL,Take profit hit at $66.00 (TP: $65.02),1610,66.0,1.0,5811.099999999999,5.785130548965692
63,2025-06-12T13:35:00-04:00,OKLO,BUY,Breakout > $69.50 | ADX=43.7 | RSI=81.4 | Vol spike 1.5x | SPY bullish | SL=$69.24 | TP=$70.84,1448,69.77,1.0,,
64,2025-06-12T13:50:00-04:00,OKLO,SELL,Price $69.48 < 5-SMA $69.80,1448,69.48,1.0,-420.9199999999885,-0.41663713688763837
65,2025-06-23T15:55:00-04:00,OKLO,BUY,Breakout > $55.10 | ADX=31.4 | RSI=80.3 | Vol spike 1.5x | SPY bullish | SL=$54.74 | TP=$55.85,1832,55.11,1.0,,
66,2025-06-24T09:30:00-04:00,OKLO,SELL,Take profit hit at $58.46 (TP: $55.85),1832,58.46,1.0,6136.200000000003,6.077700913170553
67,2025-06-24T09:50:00-04:00,OKLO,BUY,Breakout > $59.14 | ADX=49.9 | RSI=86.2 | Vol spike 1.5x | SPY bullish | SL=$58.81 | TP=$61.06,1706,59.56,1.0,,
68,2025-06-24T10:10:00-04:00,OKLO,SELL,Price $59.36 < 5-SMA $59.79,1706,59.36,1.0,-342.2000000000048,-0.33677668300752484
69,2025-07-07T13:50:00-04:00,OKLO,BUY,Breakout > $54.48 | ADX=35.0 | RSI=84.0 | Vol spike 1.5x | SPY bullish | SL=$54.42 | TP=$55.41,1855,54.75,1.0,,
70,2025-07-07T14:15:00-04:00,OKLO,SELL,Stop loss hit at $54.39 (SL: $54.42),1855,54.39,1.0,-668.7999999999989,-0.658512390184344
71,2025-07-09T15:10:00-04:00,OKLO,BUY,Breakout > $53.63 | ADX=39.1 | RSI=92.0 | Vol spike 1.5x | SPY bullish | SL=$53.64 | TP=$54.29,1884,53.86,1.0,,
72,2025-07-09T15:25:00-04:00,OKLO,SELL,Price $53.73 < 5-SMA $53.78,1884,53.73,1.0,-245.92000000000482,-0.24234960862588484
73,2025-07-10T11:50:00-04:00,OKLO,BUY,Breakout > $54.94 | ADX=31.0 | RSI=85.4 | Vol spike 1.5x | SPY bullish | SL=$54.94 | TP=$56.28,1832,55.39,1.0,,
74,2025-07-10T12:10:00-04:00,OKLO,SELL,Price $55.32 < 5-SMA $55.34,1832,55.32,1.0,-129.24000000000052,-0.12736081662289306
75,2025-07-10T15:20:00-04:00,OKLO,BUY,Breakout > $56.13 | ADX=49.9 | RSI=89.1 | Vol spike 1.5x | SPY bullish | SL=$55.95 | TP=$56.72,1805,56.21,1.0,,
76,2025-07-10T15:25:00-04:00,OKLO,SELL,Stop loss hit at $55.89 (SL: $55.95),1805,55.89,1.0,-578.6000000000005,-0.5702737185719902
77,2025-07-14T13:50:00-04:00,OKLO,BUY,Breakout > $58.39 | ADX=55.5 | RSI=81.3 | Vol spike 1.5x | SPY bullish | SL=$58.09 | TP=$59.56,1731,58.58,1.0,,
78,2025-07-14T14:05:00-04:00,OKLO,SELL,Take profit hit at $59.77 (TP: $59.56),1731,59.77,1.0,2058.8900000000085,2.0304038402027325
79,2025-07-14T14:10:00-04:00,OKLO,BUY,Breakout > $59.86 | ADX=66.9 | RSI=87.6 | Vol spike 1.5x | SPY bullish | SL=$59.56 | TP=$61.11,1691,60.08,1.0,,
80,2025-07-14T14:40:00-04:00,OKLO,SELL,Price $60.31 < 5-SMA $60.73,1691,60.31,1.0,387.9300000000067,0.38183484670896095
81,2025-07-14T15:55:00-04:00,OKLO,BUY,Breakout > $62.18 | ADX=59.6 | RSI=92.2 | Vol spike 1.5x | SPY bullish | SL=$61.93 | TP=$63.34,1629,62.4,1.0,,
82,2025-07-15T09:30:00-04:00,OKLO,SELL,Stop loss hit at $60.10 (SL: $61.93),1629,60.1,1.0,-3747.6999999999953,-3.6868449374622436
